songID	songName	artistName	albumID	albumName	recordLabelName	duration	bpm	dateAdded	lastPlayed	popularity	requests	credit_by	plays	genres	credit_original	credit_remix	credit_mixed	credit_vocals
100	Close Cover (Original Mix)	Minimalistix	300	Close Cover	Ministry of Sound	7:40	121	Jun 26, 2002	Apr 19, 2003, 9:08:09 PM	1	213							
101	Will & Penny	Apollo Four Forty	107	Lost In Space (Soundtrack)		3:22	155	Nov 04, 2000	Mar 16, 2003, 6:57:53 PM	1	418	Apollo Four Forty						
102	Lost In Love	Legend B				8:24		Nov 04, 2000	Jan 12, 2002, 9:41:21 AM	1	89	Legend B	96					
103	Angelic Indulge	Jon Laprebote				7:19		Nov 04, 2000	Jan 26, 2002, 4:21:10 AM	1	69	Jon Laprebote						
104	The Day After	Rom and Comix				5:38	139	Nov 04, 2000	Apr 26, 2003, 7:02:09 PM	2	347							
106	All I Really Want	Kim Lukas								2		Kim Lukas						
107	Texas Cowboys (Riccochet Mix)	The Grid								1								
109	This Way is Right	Hk Project								1								
110	Athina 2004	303 Infinity				3:29	139	Nov 04, 2000	Nov 15, 2002, 9:09:33 PM	1	94	303 Infinity	104					
111	Ethereal Mist	303 Infinity	233	Dreamworld	Max Music (RYKO)	3:36		Nov 04, 2000	Apr 25, 2003, 10:35:51 AM	1	420	303 Infinity						
112	Little Fluffy Clouds	The Orb								3								
113	FLooRi.D.A. (Rabbit In The Moon's Handled Without Care Mix)	Rabbit in the Moon	307	Floor I.D.A.	Hallucination	8:27	129	Nov 04, 2000	Apr 17, 2003, 12:07:54 PM	2	507			Trance				
114	Wake Up	The Grid								1								
115	God is God	Juno Reactor	105	Bible of Dreams		6:47	159	Nov 04, 2000	Jun 12, 2003, 2:49:24 AM	2	817	Juno Reactor						
116	Light Years	Rive				3:44		Nov 04, 2000	Jan 14, 2002, 8:03:16 PM	1	75	Rive	87					
117	Dreaming (Percussion Mix)	Ruff Drivers				5:25	139	Nov 04, 2000	Apr 28, 2003, 4:18:59 AM	1	132	Ruff Drivers	145					
118	Audio Fantasy	303 Infinity	233	Dreamworld	Max Music (RYKO)	4:48	157	Nov 04, 2000	Jun 27, 2003, 9:08:13 PM	1	137							
119	Stars	Absolom				5:40	128	Nov 04, 2000	Jul 2, 2003, 11:51:39 PM	1	116	Absolom						
120	Silence	Solar Eclipse								1								
121	Non-Normality	teknosys				6:10	133	Nov 04, 2000	May 27, 2003, 7:51:38 AM	1	346		258					
122	Eclipse	303 Infinity				5:43	136	Nov 04, 2000	Jan 6, 2003, 12:31:49 PM	1	92	303 Infinity						
123	Xpander	Sasha				6:44		Nov 04, 2000	Jan 21, 2002, 11:25:34 PM	3	595	Sasha	271					
124	Soma Holiday	G.O.L.	106	One A.D.		6:45	129	Nov 04, 2000	Jun 20, 2003, 9:50:20 PM	2	478							
125	Trancemitter	303 Infinity				5:51	143	Nov 04, 2000	Nov 19, 2002, 9:20:05 PM	1	101	303 Infinity						
126	Mortal Kombat	Techno Syndrome								2								
127	Out of Body Experience	Rabbit in the Moon	139	Urbal Beats		6:43	135	Nov 04, 2000	May 10, 2003, 9:49:39 PM	2	883							
128	Unspoken Words	Frank E And Mars L								1								
130	Dreaming (Tiesto Mix)	BT	234	Dreaming	ZYX Music	7:21	135	Nov 04, 2000	May 9, 2003, 4:57:34 AM	2	1059				BT	DJ Tiesto		
131	Key of V	teknosys				5:30	133	Nov 04, 2000	May 24, 2003, 1:54:58 AM	1	286							
132	Blue Skies	BT	122	Ima	Warner Brothers	5:03	127	Nov 04, 2000	May 9, 2003, 9:04:34 AM	4	2599	BT						
133	Check Out Your Mind	PMG				4:45		Nov 04, 2000	Jan 29, 2002, 3:59:41 PM	1	108	PMG						
134	Africa (Dark Moon Mix)	Cape 4	278	Africa	Go For It	6:30		Nov 04, 2000	May 10, 2003, 2:23:40 AM	1	288			Trance				
135	Free Your Mind	303 Infinity				6:06	138	Nov 04, 2000	Dec 30, 2002, 4:25:56 AM	1	98	303 Infinity						
136	Red Snapper	K90				7:52		Nov 04, 2000	Jan 17, 2002, 12:24:50 AM	1	61		71					
137	High Adventure	Sunbeam								1								
138	Swamp Thing (Southern Comfort Mix)	The Grid								3								
139	Zhirius	Cosmic Dawn				7:30	140	Nov 04, 2000	May 18, 2003, 2:23:20 AM	1	202		208					
140	Diablo	The Grid								2								
141	Believer	BT				5:10	121	Nov 04, 2000	May 7, 2003, 9:13:40 AM	1	349	BT						
142	Dreamscape	Rive				3:48		Nov 04, 2000	Jan 28, 2002, 10:47:41 PM	1	62	Rive	80					
143	Human Being	Interstate				5:48	158	Nov 04, 2000	May 22, 2003, 3:35:25 PM	1	101		124					
145	Analogue Relaxation	Antiloop				6:06		Nov 06, 2000	Jul 7, 2003, 1:22:45 AM	1	292	Antiloop						
146	In My Mind	Antiloop				3:31	125	Nov 06, 2000	Mar 21, 2003, 6:40:37 AM	2	434	Antiloop						
147	Purpose In Life	Antiloop				6:01	140	Nov 06, 2000	Jul 14, 2003, 10:25:38 PM	2	544	Antiloop						
148	For Shuisheng	Midori				3:43		Nov 06, 2000	Jan 30, 2002, 3:41:15 PM	1	103	Midori						
149	Free	Micro				8:24		Nov 06, 2000	Jan 8, 2002, 9:36:51 AM	1	69	Micro	69					
150	Godspeed	BT	276	Digital Empire 2: The Aftermath	Cold Front	5:32	139	Nov 06, 2000	Jun 26, 2003, 2:58:18 AM	2	554	BT						
151	Legend	Deep Sky				8:00		Nov 06, 2000	Jul 19, 2002, 3:34:27 AM	1	78	Deep Sky						
152	Toxygene	The Orb	104	Orblivion		5:17	127	Nov 06, 2000	May 25, 2003, 6:01:44 AM	3	1880		673					
153	Unlearn (Instrumental)	Psykosonik								1								
154	Matrix II	The Cynic Project								3								
155	Jedi Master	Torley Wong				3:38		Nov 06, 2000	Jan 10, 2002, 11:45:28 PM	3	783	Torley Wong	300					
157	For An Angel	Paul Van Dyk	118	45 RPM		3:53	138	Nov 07, 2000	May 18, 2003, 3:23:39 AM	2	725		385					
158	Avenue	Paul Van Dyk	110	Out There And Back	Mute Records	7:39	127	Nov 08, 2000	May 18, 2003, 10:00:11 PM	1	154	Paul Van Dyk		Trance				
159	Face to Face (Piano Mix)	Paul Van Dyk	110	Out There And Back		6:13		Nov 08, 2000	Jan 6, 2002, 8:01:09 PM	1	184	Paul Van Dyk	147					
160	Tell Me Why (The Riddle)	Paul Van Dyk	110	Out There And Back		5:53		Nov 08, 2000	Jul 21, 2002, 3:10:44 PM	2	585	Paul Van Dyk						
161	Tell Me Why (Vandit Mix)	Paul Van Dyk	110	Out There And Back		9:20		Nov 08, 2000	Jul 17, 2002, 3:14:20 PM	1	205	Paul Van Dyk						
162	Anthem	Moby	108	Moby Songs		3:27		Nov 08, 2000	Jan 9, 2002, 7:35:59 AM	1	181		126					
164	First Cool Hive	Moby	108	Moby Songs		5:16		Nov 08, 2000	Jan 10, 2002, 5:58:16 PM	1	159		126					
171	Beautiful Place	Paul Van Dyk	115	Seven Ways		7:01		Nov 09, 2000	Jul 15, 2002, 1:23:48 AM	1	146	Paul Van Dyk						
172	Forbidden Fruit	Paul Van Dyk	115	Seven Ways		6:58	132	Nov 09, 2000	May 18, 2003, 11:44:45 PM	1	318	Paul Van Dyk						
173	Home	Paul Van Dyk	115	Seven Ways		6:53	135	Nov 09, 2000	May 4, 2003, 4:28:44 AM	1	146	Paul Van Dyk						
174	I Can't Feel It	Paul Van Dyk	115	Seven Ways		8:01	138	Nov 09, 2000	May 19, 2003, 12:09:33 AM	1	105	Paul Van Dyk						
175	Seven Ways	Paul Van Dyk	115	Seven Ways		6:24		Nov 09, 2000	Jul 20, 2002, 3:27:30 PM	1	78	Paul Van Dyk						
176	Words	Paul Van Dyk	115	Seven Ways		9:41		Nov 09, 2000	Jul 17, 2002, 11:16:34 AM	1	78	Paul Van Dyk						
177	Forbidden Future	Paul Van Dyk	115	Seven Ways		9:21	121	Nov 09, 2000	May 18, 2003, 11:05:11 PM	1	136	Paul Van Dyk						
178	Sundae 6am	Paul Van Dyk	115	Seven Ways		10:54	135	Nov 09, 2000	Apr 22, 2003, 10:03:57 AM	1	94	Paul Van Dyk						
179	Today (Trance Ambient Mix)	Paul Van Dyk	115	Seven Ways		5:37		Nov 09, 2000	Jul 16, 2002, 3:43:17 PM	1	78	Paul Van Dyk						
180	9 pm (Till I Come) (Sequential One Remix)	ATB	197	9 PM (Till I Come)	Edeltone	5:03	139	Nov 09, 2000	Apr 26, 2003, 1:08:05 PM	2	833				ATB	Sequential One	Sequential One	
181	Another Way	Paul Van Dyk	110	Out There And Back	Mute Records	5:24	155	Nov 09, 2000	May 16, 2003, 2:31:13 AM	1	251	Paul Van Dyk		Trance				
182	Out There and Back	Paul Van Dyk	110	Out There And Back		6:29		Nov 09, 2000	Jan 18, 2002, 4:09:46 PM	1	62	Paul Van Dyk	72					
183	We Are Alive	Paul Van Dyk	110	Out There And Back		6:28		Nov 09, 2000	Jan 22, 2002, 8:08:53 PM	2	593	Paul Van Dyk	262					
184	Motion	Voyager	111	Tranceport Vol-3		8:59	137	Nov 10, 2000	May 13, 2003, 8:07:08 PM	1	118		129					
185	C'est Muzique	Shane	111	Tranceport Vol-3		9:48	122	Nov 10, 2000	Nov 8, 2002, 11:18:25 AM	1	138		129					
186	Airwave	Rank 1								1								
187	Guardian Angel	Juno Reactor	112	Beyond the Infinite		7:12	143	Nov 10, 2000	Jun 15, 2003, 11:34:42 AM	1	261	Juno Reactor						
188	Rotorblade	Juno Reactor	112	Beyond the Infinite		8:19	142	Nov 10, 2000	Jun 17, 2003, 11:32:44 AM	2	863							
189	Samurai	Juno Reactor	112	Beyond the Infinite		8:17	130	Nov 10, 2000	Jun 26, 2003, 4:41:19 AM	2	681	Juno Reactor	373					
190	The Box	Orbital	296	In-Sides	Uni/Mercury/Polygram	12:28	141	Nov 10, 2000	Apr 15, 2003, 4:35:10 PM	3	1107	Orbital		Techno				
191	Masters of the Universe	Juno Reactor	113	Shango		6:05	136	Nov 10, 2000	Jun 19, 2003, 7:42:15 AM	2	951	Juno Reactor						
192	Pistolero	Juno Reactor	113	Shango		6:13	141	Nov 10, 2000	Apr 25, 2003, 1:09:50 PM	5	3191	Juno Reactor						
193	Song for Ancestors	Juno Reactor	113	Shango		8:09	156	Nov 10, 2000	Jun 27, 2003, 8:49:14 AM	1	347	Juno Reactor						
194	One Love	The Prodigy	114	Music for the Jilted Generation		3:53	148	Nov 10, 2000	May 17, 2003, 8:03:27 PM	2	617		337					
195	Voodoo People	The Prodigy								2								
196	Speedway	The Prodigy	114	Music for the Jilted Generation		8:56	144	Nov 10, 2000	May 18, 2003, 8:06:21 PM	1	435		275					
197	Halcyon+On+On	Orbital	128	Orbital 2		9:28	127	Nov 10, 2000	Jul 4, 2003, 7:11:18 PM	6	5057	Orbital						
198	Mahadeva	Astral Projection	192	Hardtrance Classics Vol. 3	Sub Terranean	9:25	149	Nov 11, 2000	Jun 21, 2003, 2:59:39 AM	2	521	Astral Projection						
199	Nilaya	Astral Projection	194	Solid Electronics & Nilaya	Velvet Incorporated	9:26	144	Nov 11, 2000	Jun 24, 2003, 12:01:37 AM	1	241	Astral Projection						
200	Bad Stone	The Crystal Method	116	Vegas		3:22	149	Nov 16, 2000	Jun 15, 2003, 10:06:59 AM	1	211							
201	Busy Child	The Crystal Method	116	Vegas		7:24	125	Nov 16, 2000	May 22, 2003, 4:57:05 PM	1	509		297					
202	Cherry Twist	The Crystal Method	116	Vegas		4:25	135	Nov 16, 2000	Jun 24, 2003, 8:15:41 PM	1	280							
203	Keep Hope Alive	The Crystal Method	116	Vegas		6:12	125	Nov 16, 2000	Jun 26, 2003, 10:15:17 AM	1	414							
204	Trip Like I Do	The Crystal Method	116	Vegas		7:34	120	Nov 16, 2000	Jun 25, 2003, 5:17:06 AM	3	1271							
205	La Primavera	Sash!	140	Life Goes On		3:38		Nov 16, 2000	Jan 29, 2002, 4:37:33 PM	1	172	Sash!	128					
206	Little River	Sash!	140	Life Goes On		5:15		Nov 16, 2000	Jan 28, 2002, 9:52:18 AM	1	132	Sash!						
207	The Trip	Sash!	140	Life Goes On		3:39		Nov 16, 2000	Jan 29, 2002, 3:04:14 AM	2	254	Sash!						
208	Step Right On	Paul Van Dyk	118	45 RPM		7:19		Nov 16, 2000	Jul 24, 2002, 6:51:36 PM	1	78	Paul Van Dyk						
209	Namistai	Paul Van Dyk	110	Out There And Back		8:21		Nov 16, 2000	Jul 26, 2002, 5:55:28 AM	1	154	Paul Van Dyk						
210	Words (For Love)	Paul Van Dyk	115	Seven Ways		7:00		Nov 16, 2000	Jan 14, 2002, 8:31:40 PM	1	63	Paul Van Dyk	72					
211	High Roller	The Crystal Method	116	Vegas		5:29	120	Nov 19, 2000	Oct 24, 2002, 10:43:28 PM	2	640		323					
212	A New Beginning	Ghost in the Machine				7:03		Nov 20, 2000	Jan 28, 2002, 9:21:47 AM	1	160	Ghost in the Machine						
213	Destiny's Watching	Ghost in the Machine				5:17	150	Nov 20, 2000	May 18, 2003, 3:37:28 AM	1	229							
214	Fat Cat	The Future Sound of London				4:04	124	Nov 20, 2000	May 15, 2003, 8:01:20 PM	1	334		231					
215	Landmass	The Future Sound of London								1								
216	21st Century	PPK								1								
217	Ayla (DJ Taucher Remix)	Ayla	215	Ayla (The Remixes)	Unsubmissive Records	9:32	144	Nov 21, 2000	May 8, 2003, 10:06:29 PM	3	1204				Ayla	DJ Taucher		
218	Discover the World	Kosmonova				3:37		Nov 21, 2000	Dec 23, 2001, 2:38:42 PM	1	52	Kosmonova	63					
219	Liebe (Trance Mix)	Cosmic Baby				6:52	122	Nov 21, 2000	May 2, 2003, 6:08:45 AM	1	484				Cosmic Baby	Ayla		
220	Into the Light	Ayla				7:18	138	Nov 21, 2000	May 5, 2003, 12:02:43 PM	1	212	Ayla						
221	Age of Loneliness (Enigmatic Club Mix)	Enigma								2								
222	My Dream	ATB	198	Worldwide	Zeitgeist	7:05	136	Nov 21, 2000	Apr 26, 2003, 8:10:27 AM	1	143	ATB						
223	Push the Limits (ATB Remix)	Enigma	243	Push The Limits	EMI International	8:26	152	Nov 21, 2000	Apr 28, 2003, 1:28:12 PM	2	934				Enigma	ATB		
224	Seven Cities	Solar Stone								2								
225	Sidewinder	The Cynic Project				2:58	148	Nov 21, 2000	May 17, 2003, 8:11:17 PM	1	243		195					
226	Sun is Shining (ATB Club Remix)	ATB	199	Sun Is Shining	Edeltone	6:59	151	Nov 21, 2000	Apr 27, 2003, 7:00:08 PM	2	1094	ATB						
227	Sunday	Ayla				6:42	138	Nov 21, 2000	May 3, 2003, 6:00:01 AM	1	108	Ayla						
228	Underwater World	ATB	200	Movin' Melodies	Kontor Records	4:11	123	Nov 21, 2000	Apr 27, 2003, 10:57:38 AM	1	262	ATB						
229	A Fine Day (ATB Remix)	Miss Jane				6:14	152	Nov 21, 2000	Apr 27, 2003, 7:05:25 AM	4	2780				Miss Jane	ATB		
230	Already There	Chicane	124	Far From The Maddening Crowds		2:55	126	Nov 22, 2000	May 5, 2003, 11:43:54 PM	1	166	Chicane	155					
231	Battersea	Hooverphonic	136	Blue Wonder Power Milk		3:51	140	Nov 22, 2000	May 24, 2003, 2:03:39 PM	3	1267		550					
232	Celebrate	Kosmonova				3:28		Nov 22, 2000	Jun 26, 2002, 2:47:03 PM	1	74							
233	Early	Chicane	124	Far From The Maddening Crowds		4:18	153	Nov 22, 2000	May 13, 2003, 5:47:27 PM	1	190	Chicane						
234	Galactica	Kosmonova				3:34		Nov 22, 2000	Jan 29, 2002, 7:59:25 AM	1	64	Kosmonova	70					
235	Lost You Somewhere (Heliotropic Mix)	Chicane				4:40	138	Nov 22, 2000	May 15, 2003, 10:51:29 AM	1	339		233		Chicane	Heliotropic		
236	Offshore	Chicane	124	Far From The Maddening Crowds		7:02	128	Nov 22, 2000	May 5, 2003, 11:45:13 PM	1	510	Chicane	284					
237	Red Skies	Chicane	124	Far From The Maddening Crowds		7:35	137	Nov 22, 2000	May 15, 2003, 7:59:41 PM	2	419	Chicane	298					
238	Saltwater	Chicane	125	Saltwater		9:47	131	Nov 22, 2000	Jun 29, 2003, 2:21:26 AM	4	2612	Chicane						
239	Strong in Love	Chicane				7:05		Nov 22, 2000	Jul 28, 2002, 3:59:14 AM	1	272	Chicane						
240	Take Me Away (Club Mix)	Kosmonova				4:19		Nov 22, 2000	Sep 25, 2002, 5:12:33 AM	1	81	Kosmonova						
241	The Good One	Cosmic Dawn								1								
242	Wow & Flutter	Cosmic Dawn				7:37		Nov 28, 2000	May 17, 2003, 8:24:34 AM	1	136		147					
243	Liebe	Ayla	214	Liebe	Intercord Ton GmbH	3:47	140	Nov 28, 2000	May 4, 2003, 1:57:00 PM	1	253							
244	Heaven Scent	Bedrock	131	Bedrock-Foundations		3:52	137	Nov 28, 2000	May 18, 2003, 1:26:31 AM	2	506	Bedrock						
245	Communication (Kimball Collins Mix)	Armin van Buuren				6:59	123	Nov 30, 2000	Jun 30, 2003, 8:55:13 AM	1	263				Armin van Buuren	Kimball Collins		
246	For What You Dream Of	Bedrock	245	The Stress Compilation Volume 1	Moonshine	3:58	137	Nov 30, 2000	May 16, 2003, 12:25:45 PM	1	139	Bedrock						
247	Sacred Cycles	Peter Lazonby				11:05		Nov 30, 2000	Jan 16, 2002, 8:43:18 PM	1	89	Peter Lazonby	89					
248	Children (Dream Version)	Robert Miles	120	Dreamland		7:05	157	Dec 01, 2000	May 15, 2003, 3:00:00 PM	2	1019							
249	Fable (Message Version)	Robert Miles	120	Dreamland		6:24	136	Dec 01, 2000	Jun 23, 2003, 8:53:06 AM	1	384	Robert Miles						
250	Fantasya	Robert Miles	120	Dreamland		5:43	127	Dec 01, 2000	Jun 30, 2003, 8:56:59 AM	1	154	Robert Miles						
251	Enjoy	Robert Miles	119	23am		5:56	127	Dec 01, 2000	Apr 27, 2003, 2:02:48 PM	1	118	Robert Miles						
252	Everyday Life	Robert Miles	119	23am		10:30	158	Dec 01, 2000	May 14, 2003, 10:39:27 AM	2	577	Robert Miles						
253	Flying Away	Robert Miles	119	23am		4:57	136	Dec 01, 2000	Jun 23, 2003, 8:59:40 AM	1	135							
254	Content	BT	121	E.S.C.M.		11:01	131	Dec 01, 2000	Jun 25, 2003, 9:25:22 PM	1	381	BT						
255	Deeper Sunshine	BT	122	Ima	Warner Brothers	7:02	127	Dec 01, 2000	May 7, 2003, 5:00:33 AM	1	189	BT						
256	Embracing the Future (Sunshine Mix)	BT	122	Ima	Warner Brothers	5:16	130	Dec 01, 2000	Jun 22, 2003, 10:30:37 AM	1	154	BT						
257	Embracing the Sunshine	BT	122	Ima	Warner Brothers	10:55	128	Dec 01, 2000	Jun 28, 2003, 3:31:28 AM	1	346	BT						
258	Firewater	BT	121	E.S.C.M.		8:45		Dec 01, 2000	May 10, 2003, 8:52:01 AM	2	461	BT						
259	Flaming June	BT	121	E.S.C.M.		8:36	138	Dec 01, 2000	Jun 17, 2003, 10:38:24 AM	2	778	BT	422					
260	Freedom	Robert Miles	119	23am		5:51		Dec 01, 2000	Jul 8, 2003, 6:01:51 PM	1	113							
261	Full Moon	Robert Miles	119	23am		6:58	155	Dec 01, 2000	Jul 4, 2003, 9:03:13 AM	2	500	Robert Miles						
262	Heatwave	Robert Miles	119	23am		5:49	159	Dec 01, 2000	Jun 24, 2003, 6:56:14 AM	1	113	Robert Miles						
263	Loving You More	BT	122	Ima	Warner Brothers	12:59	130	Dec 01, 2000	Jun 30, 2003, 6:06:16 AM	1	316	BT						
264	Maresias	Robert Miles	119	23am		5:49		Dec 01, 2000	May 6, 2003, 11:45:57 PM	1	259	Robert Miles						
265	Nectar	BT	121	E.S.C.M.		5:55	133	Dec 01, 2000	Jun 30, 2003, 9:07:18 AM	1	196	BT						
266	New Flower	Robert Miles	119	23am		5:55		Dec 01, 2000	Jul 12, 2002, 8:25:26 AM	1	170	Robert Miles						
267	Nocturnal Transmission	BT	122	Ima	Warner Brothers	8:36	130	Dec 01, 2000	Jun 22, 2003, 6:55:31 AM	1	284	BT						
268	Quark	BT	122	Ima	Warner Brothers	6:27	131	Dec 01, 2000	Jul 6, 2003, 4:11:11 PM	1	175							
269	Remember	BT	121	E.S.C.M.		8:00	129	Dec 01, 2000	Jul 6, 2003, 7:13:16 PM	1	389		243					
270	Textures	Robert Miles	119	23am		3:14		Dec 01, 2000	Jul 8, 2002, 11:08:31 AM	1	76	Robert Miles	96					
271	X-Files (Radio Edit)	Anasazi	251	X-Files	SPV	3:30	125	Dec 01, 2000	Jun 22, 2003, 12:53:46 PM	1	573	Anasazi						
272	Sexuality	Legend B				3:41		Dec 21, 2000	Jan 10, 2002, 10:28:44 AM	1	66	Legend B	63					
273	Lollipop Man	Union Jack	246	There Will Be No Armageddon	Platipus	7:17	146	Dec 27, 2000	May 17, 2003, 7:59:09 PM	1	206		192					
274	Red Herring (Original Mix)	Union Jack								1								
275	Dreams	Quench	138	Sequenchial						1								
276	Embrace the Sunshine	Quench	314	Consequenchial	Festival	3:45	129	Dec 27, 2000	May 13, 2003, 12:26:57 PM	1	98		123					
277	Waterfront (Union Jack Mix)	Simple Minds								1								
278	There Will Be No Armageddon	Union Jack								1								
279	Two Full Moons and a Trout	Union Jack	246	There Will Be No Armageddon	Platipus	6:53	124	Dec 27, 2000	May 26, 2003, 2:00:29 AM	1	271		209					
280	Yeti	Union Jack				8:18	138	Dec 27, 2000	May 17, 2003, 8:01:10 PM	1	166		158					
281	Water Drums	Union Jack	246	There Will Be No Armageddon	Platipus	9:08	135	Dec 27, 2000	May 28, 2003, 3:18:51 AM	3	1623		615					
283	Descents	Paul Oakenfold	123	Get Carter (Soundtrack)		2:56	130	Dec 29, 2000	Jul 4, 2003, 9:17:48 AM	2	499	Paul Oakenfold						
284	Spirit of Man	Twelve Tone								1								
285	1998 (Paul Van Dyk Remix)	Binary Finary	129	Tranceport	Kinetic Records	8:02	157	Feb 16, 2001	May 18, 2003, 4:59:37 PM	3	1193				Binary Finary	Paul Van Dyk		
286	Alright	Taucher								1								
287	Amazone Dreaming	Taucher				4:13	153	Feb 16, 2001	Jul 8, 2003, 5:17:08 PM	1	104							
288	Ambient Galaxy	Astral Projection				10:17	140	Feb 16, 2001	Jun 30, 2003, 5:09:06 PM	3	1502							
289	Anamoly (Calling Your Name)	Libra 								1								
290	And Then The Rain Falls	Blue Amazon	126	Javelin	Smile Communication	11:36	132	Feb 16, 2001	May 22, 2003, 4:56:48 PM	4	1784	Blue Amazon						
291	Autumn Leaves	Coldcut								2								
292	Autumn Tactics (Thrillseekers Mix)	Chicane				4:55	121	Feb 16, 2001	May 15, 2003, 7:33:13 PM	2	836				Chicane	The Thrillseekers		
293	Avalon	Spectral								1								
294	Beautiful	Matt Darey	331	U Shine On	Incentive	7:53	122	Feb 16, 2001	Jul 8, 2003, 8:20:17 AM	1	496	Matt Darey	285	Trance				Marcella Woods
297	Behind the Sun	Transa				8:12	138	Feb 16, 2001	May 16, 2003, 8:05:30 PM	1	129		138					
298	Better Off Alone (Vocal Club Mix)	Alice Deejay	187	Better Off Alone	Virgin Schallplatten GmbH	6:52	122	Feb 16, 2001	Jul 2, 2003, 5:56:02 AM	3	1938							
299	Beyond the Skyline	DoubleN				3:21	138	Feb 16, 2001	May 19, 2003, 8:38:47 PM	1	89		118					
300	Big House	Strobed								1								
301	Blast	The Crystal Method				4:39	124	Feb 16, 2001	May 10, 2003, 8:04:56 PM	1	122							
302	Bliss (Dancewave Edit)	DJ Mozy				5:58	147	Feb 16, 2001	May 8, 2003, 3:37:20 AM	1	123		147					
303	Singularity (Brainchild II) (Radio Edit)	Ayla	216	Singularity (Brainchild II)	Unsubmissive Records	3:45	157	Feb 16, 2001	May 2, 2003, 5:57:43 AM	2	713	Ayla						
304	Cairodrome	Cold Storage				5:15	152	Feb 16, 2001	May 19, 2003, 9:27:49 PM	1	89		111					
305	Cardinal Dancer	Cold Storage								1								
306	Celtic Alchemy	Spectral								1								
307	Club Ghost	DoubleN				3:32	139	Feb 16, 2001	May 23, 2003, 11:37:48 PM	2	649		383					
308	Cold Comfort	Cold Storage				5:05	135	Feb 16, 2001	May 16, 2003, 2:23:02 AM	1	171							
309	Coming Home	Blue Amazon				3:57	138	Feb 16, 2001	May 23, 2003, 1:23:29 PM	1	143							
310	Cry (Club Mix)	Nexxus				8:34		Feb 16, 2001	Jan 21, 2002, 8:52:13 PM	1	51		61					
311	Degrees of Freedom	Concept				4:58	139	Feb 16, 2001	Jul 8, 2003, 5:55:22 PM	1	104							
312	Destiny is Fallacy	303 Infinity				3:21	141	Feb 16, 2001	Dec 31, 2002, 4:12:06 PM	1	77	303 Infinity						
313	Did You Ever Dream	Sonorous								1								
314	Doh T	Cold Storage								1								
315	Don't Stop	ATB				5:53	134	Feb 16, 2001	Jul 6, 2003, 6:23:27 AM	1	398	ATB						
316	Escape 2 (Club Mix)	Kay Cee				5:01		Feb 16, 2001	Jan 28, 2002, 2:52:25 PM	1	107	Kay Cee						
317	Everytime You Need Me	Fragma				3:32		Feb 16, 2001	Jan 29, 2002, 8:53:06 AM	2	526							
318	Exodus (Fire & Ice Mix)	Sunscreem				7:14	158	Feb 16, 2001	Oct 2, 2002, 5:18:24 AM	1	173	Sunscreem						
321	I Am (Bedrock Mix)	Chakra	280	I Am	Warner Music UK Ltd	11:21	133	Feb 16, 2001	May 16, 2003, 2:37:36 AM	1	239				Chakra	Bedrock	Bedrock	
322	I Dream	Tilt								1								
323	If You Love Me	Nylon	303	If You Love Me	Y2K	8:59	137	Feb 16, 2001	Apr 21, 2003, 6:35:22 AM	2	395	Nylon						
324	Into The Pacific	DoubleN				6:22	139	Feb 16, 2001	May 21, 2003, 11:40:44 AM	1	344		237					
325	Invisible (Lost Tribe Mix)	Tilt				6:27		Feb 16, 2001	Jan 10, 2002, 10:17:11 AM	1	72		74		Tilt	Lost Tribe		
327	Hard Desire	Jupiter	275	Trancelucent - Uplifting Trance	Transient	7:37	138	Feb 16, 2001	Jun 29, 2003, 9:23:49 AM	1	103		125					
328	Little Bullet	Spooky								1								
329	Love (Extended Mix)	Luke Slater	127	Tranceport Vol-2		6:30		Feb 16, 2001	Jan 26, 2002, 7:32:00 PM	1	70	Luke Slater						
330	Love Stimulation (Love Club Mix)	Kay Cee				5:32		Feb 16, 2001	Jan 23, 2002, 11:33:23 PM	1	114							
332	Martha's Harbour	Victoria Newton	311	Martha's Harbour	Mds	5:35	143	Feb 16, 2001	May 28, 2003, 6:10:43 AM	3	1285			Trance				
333	Messij	Cold Storage								2								
334	Moon Child	DoubleN				5:36	156	Feb 16, 2001	Jul 2, 2003, 6:59:27 AM	1	103							
335	No Other Love	Blue Amazon				11:23	151	Feb 16, 2001	May 15, 2003, 2:37:14 AM	1	119	Blue Amazon	117					
336	Open Your Heart	Galaxy				4:06	120	Feb 16, 2001	May 19, 2003, 9:33:33 PM	1	89	Galaxy						
337	Operatique	Cold Storage				5:19	160	Feb 16, 2001	May 7, 2003, 4:23:49 AM	1	115		131					
338	Phoenix	Sunbeam				5:07		Feb 16, 2001	Feb 19, 2003, 2:18:49 PM	1	92		103					
339	Prophet	Mystique Silence				5:04		Feb 16, 2001	Jan 10, 2002, 10:25:08 AM	1	55	Mystique Silence	63					
340	Purely	Luke Slater				8:01		Feb 16, 2001	Dec 18, 2001, 5:44:17 AM	1	43	Luke Slater	57					
342	Rise (Matt Darey Mix)	Gabrielle				8:38	142	Feb 16, 2001	May 16, 2003, 3:32:36 AM	1	202							
343	Rollercoaster (Global Communication Mix)	The Grid	142	Music For Dancing (Remix Album)		8:18		Feb 16, 2001	Jul 4, 2003, 10:27:55 PM	2	507		321					
344	Ruhe (Ayla Remix)	Schiller				3:51	134	Feb 16, 2001	May 6, 2003, 10:58:34 PM	2	854				Schiller	Ayla		
345	Sensation	The Crystal Method				6:03	138	Feb 16, 2001	May 25, 2003, 10:06:37 AM	1	112							
346	Silence (Airscape Remix)	Delerium				3:49		Feb 16, 2001	Jul 17, 2002, 3:55:51 PM	4	918				Delerium	Airscape		
347	Spinners Breed	Strobed				6:50	140	Feb 16, 2001	Jul 10, 2003, 6:04:46 PM	1	104	Strobed						
348	Stay In Love With Me	DJ Gemini								1								
349	Synaesthesia (Fly Away)	The Thrillseekers	320	Synaestasia EP	Avex	7:10	143	Feb 16, 2001	May 25, 2003, 9:54:54 AM	2	456		309	Trance				
350	Take the Long Road	Faithless								2								
351	Tentative	Cold Storage				5:26	135	Feb 16, 2001	May 19, 2003, 10:35:28 PM	1	89							
352	The Bell Song (Rememberance Mix)	Malcom McLaren				7:48		Feb 16, 2001	Jan 29, 2002, 6:39:22 PM	1	49	Malcom McLaren	61					
353	The Eternal	Jose Amnesia				6:15		Feb 16, 2001	Jan 15, 2002, 8:43:26 PM	1	64	Jose Amnesia	72					
354	The First Rebirth	Sunbeam								1								
355	The Message	Strobed				6:26		Feb 16, 2001	Dec 22, 2001, 8:23:18 AM	1	44		62					
356	The Mission	DJ Tomcraft								1								
357	The Taste of Summer	Sonic, Inc.								1								
358	Third Kind	DoubleN				6:16	121	Feb 16, 2001	May 23, 2003, 3:36:30 PM	1	109		130					
359	Toca Me	Fragma	127	Tranceport Vol-2		4:30		Feb 16, 2001	Jan 29, 2002, 7:22:31 PM	2	620	Fragma	254					
360	Transvaal	Cold Storage				5:05	143	Feb 16, 2001	Jul 2, 2003, 6:58:43 AM	1	103							
361	Twilo Thunder	Breeder				7:16	133	Feb 16, 2001	May 23, 2003, 8:02:39 PM	1	142	Breeder						
362	Tyrantanic	Breeder	249	Tyrantanic		9:22	130	Feb 16, 2001	May 19, 2003, 8:24:03 PM	1	107	Breeder						
363	Universal Nation (Original Extended Mix II)	Push								1								
364	Who Needs Guitars Anyway?	Alice Deejay	188	Who Needs Guitars Anyway?	Violent Music BV	4:17	158	Feb 16, 2001	Jun 29, 2003, 8:53:13 PM	2	491	Alice Deejay						
365	Wonder	Major League				6:36		Feb 16, 2001	Jan 29, 2002, 6:00:12 AM	1	49	Major League						
366	Breathing (Progressive Mix)	Nathan Profitt				7:02		Feb 21, 2001	Jan 14, 2002, 8:58:36 PM	1	49	Nathan Profitt	64					
367	Dreams (Original Mix)	Nathan Profitt				5:43		Feb 21, 2001	Jul 20, 2002, 4:44:10 PM	1	66	Nathan Profitt						
368	Focus	Nathan Profitt				5:14		Feb 21, 2001	Jul 25, 2002, 10:48:53 AM	1	69	Nathan Profitt						
369	Inertia	Nathan Profitt	229	Anthemic Trance v2.0	mp3.com	5:45	153	Feb 21, 2001	Feb 14, 2003, 2:21:28 PM	1	81	Nathan Profitt						
370	Ruiner	Nathan Profitt				5:57		Feb 21, 2001	Jul 20, 2002, 8:54:37 PM	1	65	Nathan Profitt						
371	Soaring (Adrenaline Mix)	Nathan Profitt				5:12		Feb 21, 2001	Jul 26, 2002, 10:54:13 AM	1	124							
372	Another Day	Skip Raiders								1								
373	Go	Moby	108	Moby Songs		6:15		Feb 21, 2001	Jan 4, 2002, 12:34:58 PM	1	249	Moby	140					
374	Bliss (Mystica Mix)	Mystica				5:43		Feb 26, 2001	Dec 31, 2001, 11:06:00 AM	1	60	Mystica	66					
375	Landscape	Robert Miles	120	Dreamland		6:02	130	Feb 26, 2001	Jun 22, 2003, 9:31:21 AM	1	110	Robert Miles						
378	Greece 2000	Three Drives On A Vinyl	129	Tranceport	Kinetic Records					1								
379	Game Master	Lost Tribe	129	Tranceport	Kinetic Records	7:17	157	Feb 28, 2001	Jul 10, 2003, 9:07:48 PM	3	1591	Lost Tribe						
380	African Soul Anthem	Arriva				5:41		Mar 09, 2001	Jun 26, 2003, 7:04:37 AM	2	431	Arriva						
381	Angelfalls (Elemental Force)	Ayla	217	Angelfalls	Unsubmissive Records	7:49	123	Mar 09, 2001	May 10, 2003, 5:04:02 AM	1	394	Ayla						
382	Celestial Harmony	Cosmic Baby				9:18	149	Mar 09, 2001	May 12, 2003, 12:50:36 PM	1	239	Cosmic Baby						
383	Cosmic Dancer	Deep Sky								1		Deep Sky						
384	Distant Voices (Angel Edit)	Lost Tribe				5:37		Mar 09, 2001	Jan 28, 2002, 9:19:28 PM	1	53	Lost Tribe						
385	Emotions (Club Mix)	Tomac				6:45	143	Mar 09, 2001	Nov 7, 2002, 1:27:59 PM	1	77	Tomac	100					
386	Everytime You Touch Me	Moby	130	Everything Is Wrong		6:48	129	Mar 09, 2001	Jun 29, 2003, 9:34:56 AM	1	226	Moby						
387	Fields Of Love	ATB				6:12	125	Mar 09, 2001	Apr 24, 2003, 10:00:54 PM	1	424	ATB						York
388	Fiji (Extended Mix)	Atlantis	127	Tranceport Vol-2		8:49	136	Mar 09, 2001	Jul 3, 2003, 3:05:34 AM	2	509	Atlantis						
389	Home (Solar Stone Mix)	Chakra				9:28	136	Mar 09, 2001	May 19, 2003, 3:37:49 PM	1	99		118		Chakra	Solar Stone		
390	I Feel Love (DJ Jamx De Leon Mix)	CRW				4:09	140	Mar 09, 2001	May 9, 2003, 4:20:08 AM	1	124		129		CRW	DJ Jamx De Leon		
391	I Feel Love In Greece	CRW				7:50	132	Mar 09, 2001	May 23, 2003, 3:57:08 PM	1	251		198		CRW	Three Drives And A Vinyl		
392	Impact (The Earth Is Burning)	Orbital	128	Orbital 2		11:20	130	Mar 09, 2001	May 11, 2003, 1:16:33 PM	2	851	Orbital						
393	Love Shines Through (Space Brothers Dub)	Chakra				4:48	133	Mar 09, 2001	May 19, 2003, 6:38:00 PM	1	88				Chakra	Space Brothers		
394	Memories	Tomac								1		Tomac						
396	My Love	Cosmic Baby				5:37	123	Mar 09, 2001	May 15, 2003, 1:25:16 PM	1	106							
397	Pass It On	Keoki								1		Keoki						
398	Perception	Cass vs Slide	230	Burning the Candle	Fire	9:25	132	Mar 09, 2001	May 9, 2003, 2:37:48 AM	1	115	Cass vs Slide						
399	Perfect Day	Visions of Shiva				6:58	134	Mar 09, 2001	May 25, 2003, 2:00:20 PM	1	241		183					
400	Rachel's Song	Vangelis	143	Blade Runner Soundtrack						3								
401	Remember (Paul Van Dyk's Recollected Mix)	BT	277	Remember (US Edition)	Kinetic Records	10:21	158	Mar 09, 2001	Jun 25, 2003, 9:40:49 AM	1	326				BT	Paul Van Dyk		
402	Someone (Vocal Mix)	Ascension	129	Tranceport	Kinetic Records	8:02	135	Mar 09, 2001	May 12, 2003, 6:26:40 AM	3	959	Ascension						
403	Stellar Supreme	Cosmic Baby								1		Cosmic Baby						
404	The Eyes of Truth	Enigma	134	Cross Of Changes	Virgin Schallplatten GmbH	6:52	152	Mar 09, 2001	May 17, 2003, 1:25:11 PM	2	473		294					
405	Thinking About Myself	Cosmic Baby								1		Cosmic Baby						
406	Touch Me	DJ Tiesto				11:55		Mar 09, 2001	Sep 16, 2001, 4:12:17 PM	2	190	DJ Tiesto	102					
407	Tranz-Canada	Hibernation				8:43	142	Mar 09, 2001	May 23, 2003, 3:38:01 PM	1	89		111					
408	Under The Red Sea	Lost Tribe				3:24		Mar 09, 2001	Jan 21, 2002, 9:22:54 PM	1	60	Lost Tribe	64					
418	10,000 Miles	Juno Reactor	248	Transmissions	Novamute	5:55	130	Mar 20, 2001	Jun 9, 2003, 6:44:40 PM	2	770	Juno Reactor						
419	2000 (Paul Van Dyk Remix)	Binary Finary				9:48	142	Mar 20, 2001	Jun 27, 2003, 9:09:01 AM	3	1599				Binary Finary	Paul Van Dyk		
420	Don't Be Afraid	Terra Ferma	289	The Adventures Of...	Platipus	7:35	141	Mar 20, 2001	May 27, 2003, 4:24:51 PM	1	103		110	Trance				
421	Glass Garden	Sonorous								1								
422	Keep Moving	Terra Ferma				3:18		Mar 20, 2001	Jan 10, 2002, 3:47:34 PM	1	39	Terra Ferma						
423	Lunar Sunrise	Terra Ferma	293	Lunar Sunrise	Platipus	10:10	141	Mar 20, 2001	May 23, 2003, 12:26:21 PM	1	265		201	Progressive Trance				
424	Sunset (Bird of Prey)	Fatboy Slim				6:51	126	Mar 20, 2001	May 23, 2003, 8:38:39 AM	2	401	Fatboy Slim						Jim Morrison
425	Sweet Dream	CRW				7:18	158	Mar 20, 2001	May 23, 2003, 6:25:56 PM	1	282		220					
426	Teeth Of The Jungle	Terra Ferma	289	The Adventures Of...	Platipus	7:32		Mar 20, 2001	May 15, 2003, 11:28:53 PM	1	255	Terra Ferma	206	Trance				Katie Ashley
427	The Heavens	Juno Reactor	248	Transmissions	Novamute	6:26		Mar 20, 2001	Jan 23, 2002, 11:02:26 PM	1	91	Juno Reactor	71					
428	The Snakecharmer	Terra Ferma	324	Turtle Crossing	Platipus	10:53	141	Mar 20, 2001	May 26, 2003, 7:29:55 PM	1	130			Progressive Trance				
429	Visions	Terra Ferma	324	Turtle Crossing	Platipus	7:56	147	Mar 20, 2001	May 26, 2003, 8:29:59 PM	1	129	Terra Ferma		Progressive Trance				
436	Bar None	Max Graham				5:23		Mar 27, 2001	Jan 23, 2002, 11:04:03 PM	1	114							
437	Not Over Yet	Max Graham				12:16		Mar 27, 2001	Jan 28, 2002, 5:08:52 PM	1	142	Max Graham						
438	Papua New Guinea	The Future Sound of London				6:48	125	Mar 27, 2001	May 29, 2003, 8:58:15 PM	2	1006		412					
439	Airtight	Max Graham				11:05		Mar 28, 2001	Jan 21, 2002, 9:08:21 PM	1	151		97					
440	The Delphinium Days Mix	BT	122	Ima	Warner Brothers	12:52	127	Mar 29, 2001	Jun 16, 2003, 2:10:36 AM	2	756							
446	BT Essential Mix Part 1	BT				69:45		Mar 30, 2001	Nov 16, 2002, 1:29:02 AM	5	65		33					
447	BT Essential Mix Part 2	BT				71:00		Mar 30, 2001	Nov 2, 2002, 11:34:47 PM	4	46		27					
449	God is a DJ (AP Remix)	Faithless								2								
450	Insane	Rob Dougan				5:01		Apr 03, 2001	Jan 11, 2002, 10:04:30 AM	1	238	Rob Dougan	119					
451	Rain	DJ Mellow D								1								
452	Sunchyme	Dario				5:56	135	Apr 03, 2001	Jun 29, 2003, 12:09:59 PM	3	1043	Dario						
453	The Cycle Of Life (Klubbheads Mix)	Atlantic Ocean	212	The Cycle Of Life	Pegasus Records	7:24	151	Apr 03, 2001	Jul 3, 2003, 9:43:15 AM	1	112				Atlantic Ocean	Klubbheads		
454	Waterfall	Atlantic Ocean	211	Waterfall - The Remixes	SPV	5:03	153	Apr 03, 2001	Jul 3, 2003, 9:46:01 AM	2	505							
455	Around The World	ATC	210	Planet Pop	Universal Records	3:38	151	Apr 05, 2001	Jul 8, 2003, 9:12:42 AM	4	2572	ATC						
456	Believe	Antiloop				3:26	121	Apr 05, 2001	Jul 15, 2003, 9:28:24 AM	2	596	Antiloop						
457	Breathe In You (Lost Tribe Mix)	Tekara	290	Breath In You	Colos	7:29	121	Apr 05, 2001	Apr 22, 2003, 1:39:39 AM	2	569			Trance	Tekara	Lost Tribe		
458	Feel My Love	San				4:59	141	Apr 05, 2001	Feb 16, 2003, 2:12:22 PM	1	66	San						
459	Happiness Happening	Lost Witness				8:51	126	Apr 05, 2001	May 18, 2003, 9:54:31 AM	1	259	Lost Witness						
460	Renegade	Christopher Lawrence								1								
461	Rush Hour	Christopher Lawrence				6:20	138	Apr 05, 2001	Nov 11, 2002, 2:40:58 PM	1	95		80					
466	Live in Phoenix	BT				30:37		Apr 06, 2001	Nov 2, 2002, 11:41:59 PM	4	17		23					
469	Everybody Knows	Fragma				6:53		Apr 07, 2001	Dec 30, 2001, 9:15:18 PM	1	128	Fragma	76					
471	You Are Alive	Fragma	247	Toca	Strictly Rhythm/Groovilicious	4:48	121	Apr 07, 2001	Mar 4, 2003, 2:52:04 AM	3	948	Fragma						
472	Heaven	DJ Sakin				7:39	140	Apr 09, 2001	May 23, 2003, 2:41:16 PM	1	175		134					
473	2001 A.D.	Position High								1								
474	Digital Bliss	Underground Bass Masters				4:40	130	Apr 13, 2001	May 16, 2003, 4:06:02 PM	2	609		286					
475	Dreams Of The Future	Sonic Theory				5:33	148	Apr 13, 2001	Jan 5, 2003, 3:53:25 AM	1	70	Sonic Theory	77					
476	Furious Angels	Rob Dougan	291	Furious Angels	Arista	6:02	141	Apr 13, 2001	Apr 22, 2003, 7:10:07 AM	4	2190	Rob Dougan		Downtempo				
481	After The Sun	Absolom				5:04	124	Apr 17, 2001	Jul 1, 2003, 9:02:20 AM	1	101	Absolom						
482	Dr. Jones (Antiloop Club Mix)	Aqua				9:58		Apr 17, 2001	Jul 2, 2003, 3:54:56 AM	3	2143				Aqua	Antiloop		
483	Feel The Beat	Darude				4:19	138	Apr 17, 2001	Jul 6, 2003, 8:56:25 AM	2	756	Darude						
484	Heaven's Earth (Matt Darey Mix)	Delerium				4:23		Apr 17, 2001	Jan 26, 2002, 12:20:01 PM	2	257				Delerium	Matt Darey		
485	The Valar	Bassic	225	Audiology I	MP3.com	4:01	120	Apr 17, 2001	Jul 7, 2003, 1:47:55 AM	1	193							
486	Clubbed To Death (Kurayamino Variation)	Rob Dougan	288	The Matrix: Music From The Motion Picture	Warner Brothers	7:26	143	Apr 18, 2001	Jun 20, 2003, 8:51:16 PM	6	4817			Downtempo				
487	I Believe	Lange				6:23	138	Apr 18, 2001	Apr 22, 2003, 4:11:18 PM	1	288	Lange						The Morrighan
488	Supernova	Transa	346	Reactivate 16	React					1								
489	Belfast (Sasha vs The Light)	Orbital				9:49	130	Apr 19, 2001	Jun 30, 2003, 12:35:34 PM	3	1097				Orbital	Sasha		
490	Deep Vibrations	trance[]control				5:58	128	Apr 19, 2001	May 27, 2003, 4:19:58 AM	1	386	trance[]control	224					
491	Everything's Not You (Quivver Space Mix)	Stoneproof				6:22		Apr 19, 2001	Jul 21, 2002, 12:07:31 AM	1	73		79		Stoneproof	Quivver		
492	Sandstorm	Darude	152	Before The Storm	Strictly Rhythm/Groovilicious	3:45	136	Apr 19, 2001	Jul 3, 2003, 4:31:41 PM	4	2154							
493	Velvet	DJ Tandu				8:47	156	Apr 19, 2001	Apr 24, 2003, 11:12:16 PM	1	302		224					
499	Natural Blues (Gatecrasher Mix)	Moby	162	Gatecrasher: Global Sound System	Sony	4:29	155	Apr 22, 2001	Jul 11, 2003, 12:17:37 AM	2	670		324					
500	The Power of Trancebase	Michael MB				7:08		Apr 25, 2001	Jan 27, 2002, 4:55:50 PM	1	105	Michael MB						
501	Deep Blue Dream	Planisphere								1								
502	Diablo	Cass vs Slide	144	Global Underground Arrivals		5:04		Apr 26, 2001	Jul 10, 2002, 11:50:31 PM	1	80	Cass vs Slide	65					
503	Seduction Of Orpheus	Tilt								1								
504	The Chain	Breeder	144	Global Underground Arrivals		5:31	134	Apr 26, 2001	May 21, 2003, 2:34:36 PM	1	82	Breeder						
505	Caught Me Running (Summerbreeze Remix)	Jaimy & Kenny D	145	Summerbreeze						1								
506	Dido (Universal Mix)	Aria	145	Summerbreeze		7:44	140	Apr 26, 2001	Jun 29, 2003, 11:43:01 AM	3	1109				Aria	Armin Van Buuren		
507	Dreaming	BT	146	Movement In Still Life		5:19	121	Apr 26, 2001	Jun 30, 2003, 4:40:46 AM	2	533	BT						
508	Going Up (Magikal Remake)	Yahel	145	Summerbreeze		6:07	140	Apr 26, 2001	May 25, 2003, 12:23:09 PM	1	131		130					
509	No More Tears (Aquila Remix)	Allure	145	Summerbreeze		4:18		Apr 26, 2001	Apr 26, 2003, 12:10:17 PM	1	92				Allure	Aquila		
510	Sparkles (Transa Remix)	DJ Tiesto	145	Summerbreeze		6:22	140	Apr 26, 2001	May 24, 2003, 11:34:56 AM	1	298		195		DJ Tiesto	Transa		
515	Piledriver (Grayed Out Summer Mix)	amoebaassassin	148	Perfecto Presents Another World	London-Sire Records	9:14	134	Apr 28, 2001	Jul 15, 2003, 6:46:02 AM	3	1136	amoebaassassin			amoebaassassin	Grayed Out		
516	No Way Out (Highland Mix)	Highland	148	Perfecto Presents Another World	London-Sire Records	6:47	132	Apr 28, 2001	May 7, 2003, 3:34:16 AM	1	132		120					
517	Flesh (DJ Tiesto Mix)	Jan Johnston	334	Flesh	Perfecto	8:25	133	Apr 28, 2001	Jul 5, 2003, 10:57:14 PM	2	784			Trance	Jan Johnston	DJ Tiesto		
518	Home	Coast 2 Coast				5:24	135	Apr 28, 2001	May 21, 2003, 7:38:21 AM	2	376	Coast 2 Coast	253					Discovery
519	Superstring	Cygnus X				3:57	135	Apr 28, 2001	May 19, 2003, 4:36:02 AM	1	368		212					
520	A Question Of Faith	Hunter and Lauks								1								
521	Shades Of The Deep (Deep Blue Mix)	Hunter and Lauks								1								
525	Crazy People	3 Monkeys	147	Altered States	Ark 21	5:15	133	May 07, 2001	Jun 28, 2003, 8:10:39 PM	2	727	3 Monkeys						
526	Love The Bomb	Max Graham	147	Altered States	Ark 21	6:07		May 07, 2001	Jan 10, 2002, 9:01:04 PM	1	92		63					
527	Porcelain (Future Shock Remix)	Moby	147	Altered States	Ark 21	4:36	135	May 07, 2001	Jan 1, 2003, 5:17:32 AM	2	417				Moby	Future Shock		
528	You Won't See Me Cry (Mara Mix)	Markus Shulz	147	Altered States	Ark 21	5:14	134	May 07, 2001	Nov 7, 2002, 1:24:17 PM	1	68				Markus Shulz	Mara		
529	Carte Blanche	Veracocha	310	Carte Blanche	EMI International	7:05	140	May 10, 2001	Apr 23, 2003, 11:36:36 PM	2	450		280	Trance				
532	Chicane Live At Palladium	Chicane				58:08		May 11, 2001	Nov 15, 2002, 11:13:54 PM	5	75		29					
535	Angel (Club Mix)	Ralph Fridge								1								
536	Bailamos (Matt Darey Mix)	M3				4:11	121	May 13, 2001	Jul 1, 2003, 9:50:19 AM	1	94				M3	Matt Darey		
537	Black Snow	Rank 1								1								
538	Breathe (Vocal Mix)	Art of Trance				5:41	138	May 13, 2001	Jun 18, 2003, 10:51:18 AM	1	358	Art of Trance						
539	Bulgarion	Travel								1								
540	Colours (Vectrex Remix)	DJ Mind-X				5:25		May 13, 2001	May 20, 2003, 3:38:32 AM	1	80		86		DJ Mind-X	Vectrex		
541	Concept Of Love	Lab 4				5:53	150	May 13, 2001	Feb 25, 2003, 2:29:02 PM	1	133	Lab 4						
542	Desire	Analyze				9:22		May 13, 2001	Nov 26, 2002, 5:01:15 PM	1	78	Analyze						
543	Different Ways (Original Mix)	Anjunabeats				4:45	158	May 13, 2001	Jul 2, 2003, 7:03:21 AM	1	93	Anjunabeats						
544	Dooh Dooh (Original Club Mix)	Barcode Brothers	223	Dooh Dooh	Universal Records	7:34	138	May 13, 2001	Jul 16, 2003, 10:20:35 PM	4	1613				Barcode Brothers	Darude		
545	Dreamworld	Redwing				3:32	141	May 13, 2001	Feb 15, 2003, 2:30:08 PM	1	65		72					
546	Elevation	Freejack				6:13	140	May 13, 2001	Apr 23, 2003, 11:01:13 PM	1	102		100					
547	End Of Time (Extended Polaris Mix)	DJ Energy				5:46	138	May 13, 2001	May 24, 2003, 5:17:01 AM	2	562				DJ Energy	Polaris		
548	Freespace	Divinorum								1								
549	I See You	Analyze				4:54	130	May 13, 2001	Nov 28, 2002, 7:00:52 PM	1	143	Analyze						
550	Inside Your Gates	Green Court				9:38		May 13, 2001	Jan 10, 2002, 9:04:44 PM	1	44	Green Court	37					
551	Jabberwock	Skyscrape								1								
552	Lift (Natious Mix)	Azukx								1		Azukx			Azukx	Natious		
553	Nepal (Praha Remix)	Groovaholic				8:18		May 13, 2001	Jan 2, 2002, 9:14:56 PM	1	36		26		Groovaholic	Praha		
554	Nightingale (DJ Tandu Mix)	DJ Mind-X				4:17	142	May 13, 2001	May 11, 2003, 5:16:56 AM	1	80		90		DJ Mind-X	DJ Tandu		
555	Out Of Body	Innersphere				9:38	158	May 13, 2001	May 16, 2003, 3:37:55 AM	1	298							
556	Phazed Reality	trance[]control								1		trance[]control						
557	Spectra	Darshan								1								
558	Sunrise (Here I Am) (Instrumental)	Ratty								1								
559	Sweet Images	Chant								1								
560	The Citrus Juicer	Rank 1				5:28		May 13, 2001	Feb 25, 2003, 2:04:07 PM	1	87		93					
561	The Summer Of Love	Scoop				5:29		May 13, 2001	Dec 10, 2001, 10:12:33 AM	1	38		29					
562	Trancefigurations	Green Court				8:12		May 13, 2001	Jan 29, 2002, 5:38:41 PM	1	43	Green Court						
563	Transmission	Fast				7:25		May 13, 2001	May 13, 2003, 3:39:05 AM	1	205	Fast						
564	Unity	Orkidea				3:21		May 13, 2001	Jan 28, 2002, 6:16:45 AM	1	53	Orkidea						
565	Volume One (Above & Beyond Mix)	Anjunabeats				5:42	158	May 13, 2001	Apr 19, 2003, 4:43:20 PM	1	147				Anjunabeats	Above & Beyond		
571	2 Heavy	Deep Funk Project				7:24	150	May 18, 2001	May 17, 2003, 3:29:42 AM	1	168		139					
572	Desire	B.B.E.				3:51	124	May 18, 2001	Jul 13, 2003, 1:50:55 PM	1	111							
573	Flash (Club Mix)	B.B.E.				7:50	125	May 18, 2001	Jul 14, 2003, 12:53:42 PM	1	108							
574	Tales Of History	B.B.E.				3:49	124	May 18, 2001	Jul 4, 2003, 1:56:06 AM	1	94							
575	Vernon's Wonderland (Hybrid's Matrix Dub)	Vernon's Wonderland	155	Transport 4	Kinetic Records	6:43	132	May 18, 2001	Jul 6, 2003, 7:51:58 AM	1	233				Vernon's Wonderland	Hybrid		
576	Electronik	Substructure								1								
577	First Light	Ogenki Clinic				9:50		May 18, 2001	Jan 28, 2002, 7:13:18 PM	1	39	Ogenki Clinic						
578	Tell You	Max Graham				7:54		May 18, 2001	Jan 23, 2002, 10:24:31 AM	1	118	Max Graham						
579	As Above So Below	Turban Bloc								2								
580	Liberation (Matt Darey Mix)	Matt Darey				7:29		May 19, 2001	Jan 28, 2002, 4:57:06 AM	1	40							
581	Catch (Matt Darey Remix)	Sunscreem	321	Ten Mile Bank	Radikal Records	7:04	133	May 21, 2001	May 15, 2003, 8:37:32 PM	1	170		142	Progressive Trance	Sunscreem	Matt Darey		
582	Flexik (Natious Remix)	Cosway				7:59	137	May 21, 2001	May 17, 2003, 2:38:40 AM	1	79		92		Cosway	Natious		
583	Hudson Street	Agnelli & Nelson	184	Hudson Street	Xtravaganza Recordings	10:14	160	May 21, 2001	Apr 24, 2003, 12:12:52 AM	1	85							
584	Omnibus (Original Mix)	Laut Sprecher	242	Omnibus (Import Single)	Robbins Entertainment	6:55	142	May 21, 2001	Jun 29, 2003, 10:02:57 PM	6	4173	Lautsprecher						
585	Prophase (X-Cabs Remix)	Transa	339	Prophase	Perfecto	7:10	138	May 21, 2001	May 13, 2003, 11:24:04 PM	1	96		110	Progressive Trance	Transa	X-Cabs		
589	3 AM Eternal	The KLF				7:35	149	May 31, 2001	May 11, 2003, 9:26:35 PM	2	733				The KLF	Orbital	Orbital	
590	7 Colours	Lost Witness				7:26	121	May 31, 2001	May 18, 2003, 10:14:33 PM	4	1774							
591	She Does (Quivver Mix)	Stoneproof													Stoneproof	Quivver		
592	Children Of The Sandstorm	Robert Miles				6:52	136	May 31, 2001	Jun 29, 2003, 9:17:12 PM	6	4131	Robert Miles						
593	Ever Growing Pulsating Brain	The Orb								1								
594	Food For Thoughts (Humate Pop Dub)	Kim Sanders				7:51		May 31, 2001	Jan 29, 2002, 3:44:19 AM	1	34				Kim Sanders	Humate		
595	I Love You (Scott Hardkiss Mix)	Electotete								2								
596	Innocente (DJ Tiesto Remix)	Delerium	238	Innocente	EMD/Nettwerk	7:24	125	May 31, 2001	Jul 5, 2003, 10:51:47 PM	2	760				Delerium	DJ Tiesto		
597	Into The Sun (A1 Club Mix)	Olive				7:05	157	May 31, 2001	Jun 29, 2003, 8:31:16 PM	1	132	Olive						
598	Let U Go (Wippenberg Remix)	ATB	201	Let U Go	Radikal Records	6:36	138	May 31, 2001	Apr 27, 2003, 1:04:53 AM	1	347							
599	Sad But New	Orbital				7:29	152	May 31, 2001	May 9, 2003, 10:11:10 AM	1	390	Orbital						
600	Sweetness (Michael Woods Remix)	Xstasia	343	Sweetness	Liquid Asset	6:37	121	May 31, 2001	May 25, 2003, 7:25:24 AM	1	123		105	Trance	Xstasia	Michael Woods		Stacey Harmer
601	White Love (Scott Hardkiss Mix)	One Dove	253	Morning White Dove	Sire	7:43	128	May 31, 2001	Jan 2, 2003, 5:41:56 AM	1	126				One Dove	Scott Hardkiss		
602	You're Not Alone (Rollo and Sister Bliss Mix)	Olive	236	Extra Virgin	RCA	8:27	128	May 31, 2001	Jun 20, 2003, 12:23:55 AM	3	1510		489		Olive	Rollo and Sister		
604	Samba De Janeiro (Canadian Summer Edit)	Bellini	226	Samba De Janeiro	Emi	6:46	133	May 31, 2001	May 18, 2003, 9:21:19 PM	2	448		240					
610	Absolute Horror	Pac-Men								1								
611	After Love	Blank & Jones								1								
612	Alpha 5 (Olmec Heads Remix)	John 00 Fleming	161	Trance Impulse	Neurodisc	8:52		Aug 01, 2001	Jan 22, 2002, 9:17:40 PM	1	106		56					
613	Ameno (Club Mix)	DJ Quicksilver	330	Ameno	Universal/Polygram	7:30	138	Aug 01, 2001	May 23, 2003, 1:34:54 PM	3	1007			Trance				
614	Amrah In The 7th Phase	Hole In One	157	Global Underground-Hong Kong		5:02	152	Aug 01, 2001	May 23, 2003, 9:34:16 PM	1	71							
615	Angel	Tina Cousins	295	Killing Time	Universal	3:53	140	Aug 01, 2001	Jul 4, 2003, 7:01:17 AM	1	97		100					
616	Apperception	Manjard				6:01	130	Aug 01, 2001	Dec 29, 2002, 4:05:14 PM	1	173							
617	Bassfly (Original Mix)	Tillmann & Ries	302	Bassfly 2000	Liquid Asset	7:20		Aug 01, 2001	Apr 12, 2003, 7:44:31 AM	1	329		194	Trance				
618	Capsule	Black Dove	151	Progressive Mix Session 1.0						1								
619	Castles In The Sky (Peter Luts Remix)	Ian Van Dahl	271	Castles in the Sky	Bang On	7:19		Aug 01, 2001	Jul 4, 2003, 6:43:45 AM	5	3090				Ian Van Dahl	Peter Luts		
620	Catch (Grayed Out Vocal Mix)	Kosheen				7:45		Aug 01, 2001	Jan 26, 2002, 11:24:21 PM	1	47				Kosheen	Grayed Out		
621	Charged (DJ Brian Mix)	Ylem	156	Vol. 3-Hardesertrance		9:09	143	Aug 01, 2001	May 10, 2003, 4:32:28 AM	1	134		118		Ylem	DJ Brian		
622	Chase	Paul Oakenfold	154	Swordfish-The Album	Sire / Wea	6:15	135	Aug 01, 2001	May 15, 2003, 12:23:01 AM	1	315							
623	Circadian Rhythms	Tocharian	151	Progressive Mix Session 1.0						1								
624	Cosmophobia	DJ Quicksilver								1								
625	Dark Machine	Paul Oakenfold	154	Swordfish-The Album	Sire / Wea	7:14	135	Aug 01, 2001	May 15, 2003, 3:24:43 AM	2	732	Paul Oakenfold						
626	Descender	Red Shift								1								
627	E Nomine (Pontius Pilatus)	E Nomine	274	Das Testament	Polygram International	3:42	135	Aug 01, 2001	Jul 10, 2003, 10:53:31 PM	4	2200							
628	Emotions In Trance	Lagoona				4:19		Aug 01, 2001	Jan 29, 2002, 4:40:17 PM	1	70							
629	Era (DJ UnF Mix)	TaQ								1								
630	Eterna	Christian West	153	Global Underground-Buenos Aires		7:41	134	Aug 01, 2001	May 23, 2003, 9:37:21 PM	1	71		85					
631	Everlast	The Ambush				6:15		Aug 01, 2001	Jan 10, 2002, 7:47:59 PM	1	22	The Ambush	22					
632	Everyday	Agnelli & Nelson	294	Everyday	Xtravaganza	4:17	136	Aug 01, 2001	Apr 22, 2003, 11:07:36 PM	1	76	Agnelli & Nelson						
633	Feeling	Polarity								1								
634	First	Private Taste	155	Transport 4	Kinetic Records	6:34	133	Aug 01, 2001	Apr 24, 2003, 3:04:29 AM	1	124		123					
635	Force Of Habit (Armin's Rising Star Mix)	Denzil & Dwayne	336	Trance 2000 Vol. 3	Metro	5:56	153	Aug 01, 2001	Jul 1, 2003, 1:23:35 PM	1	83			Trance	Denzil & Dwayne	Armin Van Buuren		
636	Glide	POB	157	Global Underground-Hong Kong		3:52		Aug 01, 2001	Jan 28, 2002, 5:03:12 AM	1	25		25					
637	Goliath Hymn (DJ Cygnas Mix)	DJ Tatana								1								
638	Gravi Tech	Sphere	157	Global Underground-Hong Kong						1								
639	Grooveline	Blockster				2:07	139	Aug 01, 2001	Apr 28, 2003, 12:53:16 AM	1	68	Blockster						
640	Heart Of Asia (DJ Quicksilver Mix)	Watergate				7:13	157	Aug 01, 2001	Jun 26, 2003, 12:36:06 PM	2	790				Watergate	DJ Quicksilver		
641	Heaven	Electric Skychurch	273	Sonic Diary	Varese Records	5:44	157	Aug 01, 2001	May 23, 2003, 3:40:12 AM	1	365		220					
642	High Life (Live Version)	Hybrid	155	Transport 4	Kinetic Records	6:50	137	Aug 01, 2001	Jul 6, 2003, 6:00:49 AM	1	146	Hybrid						
643	I Trance You (Pappa & Gilbey Mix)	Gypsy								1								
644	If I Survive (Way Out West Remix)	Hybrid	147	Altered States	Ark 21	4:55	135	Aug 01, 2001	Jul 11, 2003, 3:04:37 AM	4	1425				Hybrid	Way Out West		
645	Infinitely Gentle Blows	Scott Hardkiss								2								
646	Insecure (No Selfesteem Vocal Mix)	The Shrink				6:17	156	Aug 01, 2001	May 22, 2003, 11:27:00 PM	1	143		129		The Shrink	No Selfesteem		
647	Join Me	Lightforce				3:31		Aug 01, 2001	May 12, 2003, 7:33:21 PM	1	306							
648	Journey Into Trance (Framic & Mino X-Mix)	Aqualab	161	Trance Impulse	Neurodisc	5:34	124	Aug 01, 2001	Apr 19, 2003, 8:44:01 PM	1	137				Aqualab	Framic & Mino	Framic & Mino	
649	Komodo	Mauro Picotto				8:17		Aug 01, 2001	Jan 25, 2002, 7:25:37 AM	3	349	Mauro Picotto						
650	Madam	Astalasia	158	Hypnotic Sounds		6:54	123	Aug 01, 2001	Jun 27, 2003, 2:54:08 PM	1	145							
651	Mirror (Signum Remix)	Stray Dog								1								
652	Motivation	Red Shift								1								
653	Neverending Dreams (DJ C.A. Mix)	Astrolight	161	Trance Impulse	Neurodisc	6:29	124	Aug 01, 2001	May 11, 2003, 11:18:46 AM	1	67				Astrolight	DJ C.A.		
654	New Born (Paul Oakenfold Mix)	Muse	154	Swordfish-The Album	Sire / Wea	5:39	121	Aug 01, 2001	May 15, 2003, 7:27:20 PM	3	705			Trance	Muse	Paul Oakenfold		
655	On Your Mind (Omaha Mix)	Patient Saints	154	Swordfish-The Album		6:56		Aug 01, 2001	Jan 8, 2002, 10:14:40 PM	1	27		22		Patient Saints	Omaha		
656	One Of The People (Force Mass Motion Mix)	Adamski	153	Global Underground-Buenos Aires		8:29	134	Aug 01, 2001	Apr 28, 2003, 6:40:15 PM	1	180				Adamski	Force Mass Motion	Force Mass Motion	
657	Opium	The Light	153	Global Underground-Buenos Aires		7:23	138	Aug 01, 2001	May 21, 2003, 11:28:21 PM	1	81		90					
658	Out Of Control	Darude	152	Before The Storm	Strictly Rhythm/Groovilicious	5:03	137	Aug 01, 2001	Jun 25, 2003, 7:00:12 PM	1	234	Darude						
659	Over And Over (Stimulant Mix)	ShivaNova	161	Trance Impulse	Neurodisc					1								
660	Passion Lights The Way	Lightforce				3:17	140	Aug 01, 2001	May 18, 2003, 9:43:47 AM	1	76	Lightforce						
661	Password	Paul Oakenfold	154	Swordfish-The Album	Sire / Wea	4:28	136	Aug 01, 2001	May 15, 2003, 2:45:26 AM	2	618							
662	Persuasion (Funk Function Future Mix)	Science Dept	157	Global Underground-Hong Kong						1								
663	Plasma	Orissa	151	Progressive Mix Session 1.0		5:36	134	Aug 01, 2001	Sep 30, 2002, 4:43:08 AM	1	66	Orissa						
664	Played Alive (Spanish Fly Mix)	Safri Duo	159	Episode II		9:35	130	Aug 01, 2001	Jul 1, 2003, 7:06:51 AM	2	501	Safri Duo						
665	xristosphan	Torley Wong				6:05	156	Aug 01, 2001	May 28, 2003, 5:30:28 PM	4	1647							
666	Red Sun Rising	Lost Witness				4:13		Aug 01, 2001	Jan 25, 2002, 1:48:57 AM	2	82	Lost Witness						
667	Redefined Intricacy '99	Origin	153	Global Underground-Buenos Aires		12:04		Aug 01, 2001	Jan 14, 2002, 9:46:54 PM	1	25	Origin	23					
668	Redemption (Max Graham's Dead Sea Mix)	Conjure One	155	Transport 4	Kinetic Records	11:15	133	Aug 01, 2001	Jun 25, 2003, 1:42:08 AM	1	158				Conjure One	Max Graham	Max Graham	
669	Seance	Deep Sky				5:32		Aug 01, 2001	Jul 28, 2002, 12:06:38 AM	1	100	Deep Sky						
670	Smile (Club Mix)	Future Breeze								1								
671	Snakefood	Safri Duo	159	Episode II		6:03	138	Aug 01, 2001	Jul 8, 2003, 4:04:39 AM	1	330							
672	Spectrum	Dececio	151	Progressive Mix Session 1.0	Moonshine Music	6:12	135	Aug 01, 2001	May 23, 2003, 7:31:06 PM	1	76		89					
673	Submerge	Expansion	151	Progressive Mix Session 1.0						1								
674	Sunburn (Timo Maas Remix)	Muse				6:23	133	Aug 01, 2001	Apr 27, 2003, 4:44:20 PM	1	152				Muse	Timo Maas		
675	Sundance (Moonman Remix)	Sundance	161	Trance Impulse	Neurodisc	8:06	121	Aug 01, 2001	Feb 25, 2003, 4:39:15 PM	1	82		87					
676	TNT For The Brain (Midnight Man Remix)	Enigma	239	Le Roi Est Mort-Vive Le Roi!	Virgin Records	5:57	148	Aug 01, 2001	May 16, 2003, 5:28:57 PM	1	332		211		Enigma	Midnight Man		
677	The Baguio Track	Luzon	157	Global Underground-Hong Kong		5:39		Aug 01, 2001	Jan 26, 2002, 5:28:31 PM	2	29							
678	The Fade	Ambassador	153	Global Underground-Buenos Aires		5:42	135	Aug 01, 2001	Jul 3, 2003, 4:55:13 AM	1	84	Ambassador						
679	This Is Who We Are (Steve Morley Mix)	Profiler	346	Reactivate 16	React	3:33	142	Aug 01, 2001	Apr 28, 2003, 1:23:53 AM	1	67			Trance	Profiler	Steve Morley		
680	To The Rescue	Ingmar	157	Global Underground-Hong Kong		5:31	133	Aug 01, 2001	Apr 28, 2003, 1:31:23 AM	1	68		80					
681	Trance In Heaven	Lagoona				3:45		Aug 01, 2001	Jan 28, 2002, 4:28:27 AM	1	25	Lagoona						
682	Vogue (Computerhell Vocal Mix)	Ayumi Hamasaki	155	Transport 4	Kinetic Records	6:32	155	Aug 01, 2001	Jul 14, 2003, 4:55:50 AM	2	455				Ayumi Hamasaki	Computerhell		
683	We Don't Need You	DJ Van't Dost	161	Trance Impulse	Neurodisc	3:55	141	Aug 01, 2001	Jun 29, 2003, 7:05:50 AM	1	255							
684	Take Your Time	Lightforce	344	Join Us	DOS or Die	3:14	121	Aug 01, 2001	Apr 30, 2003, 4:31:50 PM	2	404	Lightforce		Trance				
685	Techno Harmony	Mario Piu				7:20	138	Aug 01, 2001	Feb 21, 2003, 2:22:01 PM	1	85	Mario Piu						
686	Vater Unser	E Nomine	274	Das Testament	Polygram International	3:32	130	Aug 01, 2001	Jun 22, 2003, 8:40:55 PM	4	2229		661					
704	Send A Little Love (Beat Wave Mix)	Dream								3								
705	Barber's Adagio for Strings (Ferry Corsten Remix)	William Orbit	313	Barber's Adagio for Strings	WEA International	6:31	135	Aug 18, 2001	May 24, 2003, 10:35:11 AM	4	2601			Trance	William Orbit	Ferry Corsten		
706	Animal	LostIt.com	160	Gatecrasher - Discotech Generation	Ultra	4:24	156	Sep 04, 2001	Jul 8, 2003, 4:07:24 PM	1	80	LostIt.com						
707	Everything (Epilogue Edit)	Safri Duo	159	Episode II		8:37	138	Sep 04, 2001	May 12, 2003, 12:44:10 AM	2	397	Safri Duo						
708	Falling Together	Max Graham	160	Gatecrasher - Discotech Generation		5:55		Sep 04, 2001	Jan 14, 2002, 9:42:36 PM	1	32	Max Graham	24					
709	Feline	Maurice	160	Gatecrasher - Discotech Generation		3:07		Sep 04, 2001	Jan 28, 2002, 5:46:54 AM	1	26	Maurice	25					
710	I Will Be With You (John Johnson Club Mix)	Ursulas World								1								
711	Moonshine	Planisphere								1								
712	Questions Must Be Asked (Kayestone's Recon Mix)	David Forbes	160	Gatecrasher - Discotech Generation	Ultra	5:28	137	Sep 04, 2001	May 21, 2003, 2:35:36 AM	1	67		73		David Forbes	Kayestone		
713	Release Me	Factor 9								1								
714	Starving Dolphins	Meridian	160	Gatecrasher - Discotech Generation		6:08		Sep 04, 2001	Jan 27, 2002, 12:46:36 AM	1	136	Meridian						
715	The Free Fall (The Opus)	Beam & Yanou	160	Gatecrasher - Discotech Generation	Ultra	3:25	137	Sep 04, 2001	Jul 7, 2003, 2:00:52 AM	1	86							
716	Unreal	Doran	160	Gatecrasher - Discotech Generation	Ultra	4:43	137	Sep 04, 2001	May 22, 2003, 2:39:34 PM	1	67	Doran	77					
721	Das Glockenspiel (DJ Tiesto Mix)	Schiller				7:29	137	Sep 26, 2001	May 24, 2003, 3:57:48 AM	2	579		215		Schiller	DJ Tiesto		
722	Days Go By (Hydrogen Rockers Vocal Mix)	Dirty Vegas	232	Dirty Vegas	Capitol	7:10	127	Sep 26, 2001	May 17, 2003, 8:31:48 AM	4	1528		483		Dirty Vegas	Hydrogen Rockers		
723	Sunrise (Here I Am Mix)	Ratty				9:15	144	Sep 26, 2001	Mar 4, 2003, 3:17:00 AM	4	1545		511					
724	Emaho (Technoloop Remix)	Richi M								1								
725	Endless Wave	Kamaya Painters				6:03		Sep 27, 2001	Jan 28, 2002, 7:45:23 PM	2	114	Kamaya Painters						
726	Opera	Cass vs Slide	230	Burning the Candle	Fire	11:07	130	Sep 27, 2001	May 10, 2003, 2:39:11 AM	1	152	Cass vs Slide	134					
727	Prepare (Club Mix)	Neo Cortex				6:28		Sep 27, 2001	Jan 29, 2002, 4:45:45 PM	1	112	Neo Cortex						
728	Send Me An Angel	DJ Tandu				6:52	121	Sep 27, 2001	May 17, 2003, 4:15:38 PM	1	284		156					
729	Still Dreaming	Astral Projection	195	Distance - A Taste of Goa Trance		7:49	133	Sep 27, 2001	Jun 23, 2003, 11:00:51 AM	3	976							
730	Trance Force (TTF Mix)	Super Space								1								
732	Cream	Blank & Jones								2								
733	Sweet Harmony (Blank & Jones Remix)	Liquid Love				9:15		Oct 01, 2001	Jan 29, 2002, 9:02:57 PM	1	70				Liquid Love	Blank & Jones		
734	Eternal Flames	Hypertrophy				5:27	124	Oct 01, 2001	May 13, 2003, 3:34:17 AM	1	77		84					
735	New Years Dub (Steve Lawler Remix)	Mystique				8:20	133	Oct 01, 2001	Feb 15, 2003, 2:25:41 PM	1	48				Mystique	Steve Lawler		
736	Perfect Motion (Boys Own Mix)	Sunscreem	231	Decade of Dance	Circa Records Ltd.	9:10	129	Oct 01, 2001	May 15, 2003, 8:22:04 PM	1	132				Sunscreem	Boys Own		
739	Iris	El Dorado	161	Trance Impulse	Neurodisc	6:20	158	Oct 09, 2001	Apr 26, 2003, 1:33:33 AM	1	63							
740	The House	System Attic	161	Trance Impulse	Neurodisc					1								
741	Butterfly (Extended Mix)	SMILE.dk				4:20		May 31, 2001	Jan 11, 2002, 10:46:13 AM	7	1652	SMILE.dk						
742	Dam Dariram	Joga				3:14	142	Oct 09, 2001	Apr 24, 2003, 10:10:38 PM	4	880		395					
743	Why Does My Heart Feel So Bad (Ferry Corsten Mix)	Moby				6:40		Oct 09, 2001	Jan 11, 2002, 7:53:14 AM	2	347				Moby	Ferry Corsten		
744	Porcelain (Torsten Stenzel Remix)	Moby	338	Love Parade 2000	Bmg	9:10	135	Oct 10, 2001	Jul 11, 2003, 7:46:55 AM	2	536			Trance	Moby	Torsten Stenzel		
745	Prologue (Hybrid Remix)	Ayumi Hamasaki	220	Ayu-Mi-X V.2	Avex	3:39	135	Oct 10, 2001	Jul 14, 2003, 1:03:48 AM	3	785				Ayumi Hamasaki	Hybrid		
747	7th Day	Mr. Phillips				6:38		Oct 17, 2001	Jan 25, 2002, 7:23:59 AM	3	171							
748	Filthy Mind (Peter Rauhofer Club Mix)	Amanda Ghost	189	Filthy Mind	Warner Brothers	9:44	130	Oct 22, 2001	Jul 5, 2003, 12:55:30 PM	4	1343				Amanda Ghost	Peter Rauhofer		
749	Madagascar (Ferry Corsten Remix)	Art of Trance	190	Complete Madagascar (Limited Edition)	Platipus	5:52	138	Oct 23, 2001	Jun 27, 2003, 6:05:53 PM	2	1015				Art of Trance	Ferry Corsten		
750	Air 2000	Albion	162	Gatecrasher: Global Sound System	Sony	5:09	138	Oct 23, 2001	Jul 4, 2003, 9:07:22 PM	1	99							
751	Dreams (Miss Shiva Club Cut-Edit)	Miss Shiva	162	Gatecrasher: Global Sound System	Sony	6:20		Oct 23, 2001	Jan 19, 2002, 10:26:49 AM	2	92	Miss Shiva	33					
752	Kayomani	Kundalini Rising	162	Gatecrasher: Global Sound System	Sony	3:20	138	Oct 23, 2001	Jul 4, 2003, 11:11:28 PM	3	956	Kundalini Rising						
753	North Pole	After Burn	162	Gatecrasher: Global Sound System	Sony	4:24	138	Oct 23, 2001	Feb 21, 2003, 1:59:15 PM	1	61							
755	Breathe	Aura								1								
756	Himalaya	Aura								1								
757	Destination Skyline	Aura								1								
758	Le Marche de la Lune	Aura								1								
759	Ayla Part II (Extended Mix)	Ayla	218	Ayla Pt 2	Intercord Ton GmbH	6:23	158	Nov 10, 2001	May 12, 2003, 3:01:40 PM	2	375							
760	Electribal	Ikarus				4:19	120	Nov 10, 2001	May 22, 2003, 12:02:42 PM	3	633							
761	Come... (Into My Dream) (Club Mix)	Foggy				8:38		Nov 10, 2001	Jan 29, 2002, 2:14:24 PM	3	48				Foggy	Goldschmitz		
762	Sunrise (5 AM Mix)	Ralph Fridge								1								
763	Blowout	The Crystal Method	325	Tweekend	Universal	7:57	142	Nov 17, 2001	Jun 15, 2003, 3:33:33 AM	2	364			Breakbeat				
764	Blue	Way Out West	164	Way Out West		5:14		Nov 17, 2001	Jul 15, 2002, 10:14:08 PM	1	61		41					
765	Dream Universe (Tilt's Eastern Storm Remix)	C.M.	272	Dream Universe	Hooj Choons	10:45	134	Nov 17, 2001	May 17, 2003, 9:35:09 AM	1	67		75	Trance	C.M.	Tilt		
766	Feels Like Flying (Sunbeam DJ Team Mix)	Woody Van Eyden				3:21		Nov 17, 2001	Apr 28, 2003, 4:37:12 PM	1	56				Woody Van Eyden	Sunbeam		
767	Footprint	Disco Citizens				4:41		Nov 17, 2001	Dec 22, 2001, 6:53:03 AM	1	15		12					
768	Insanity (Kay Cee Mix)	Culture Beat				7:26		Nov 17, 2001	Dec 19, 2001, 4:58:55 PM	1	27		15		Culture Beat	Kay Cee		
769	Starlight (Armin Van Buuren's Rising Star Mix)	Desiderio				10:55	137	Nov 17, 2001	Jul 1, 2003, 8:06:14 AM	1	208				Desiderio	Armin Van Buuren		
770	Trance Experience	The Cynic Project				3:58		Nov 17, 2001	May 19, 2003, 11:21:35 PM	1	84		67					
771	Atom Bomb (Instrumental Mix)	Fluke				7:57	147	Nov 17, 2001	May 23, 2003, 9:06:11 AM	3	1326	Fluke						
772	V Six	Fluke				5:19		Nov 17, 2001	Dec 16, 2001, 10:12:54 AM	1	32		13					
777	Sasha's Voyage of Ima	BT				42:45		Nov 30, 2001	Oct 27, 2002, 12:41:28 AM	5	18		17		BT	Sasha		
778	3 Kilos	The Prodigy	114	Music for the Jilted Generation		7:25	120	Dec 04, 2001	May 18, 2003, 11:22:11 PM	1	206		137					
781	Crystal (Digweed & Muir Bedrock Mix)	New Order	298	Crystal Remixes	Warner Bros.	12:52	132	Dec 13, 2001	Apr 12, 2003, 7:42:24 AM	2	306				New Order	Bedrock		
782	Loops Of Fury	Chemical Brothers				4:41	120	Dec 13, 2001	May 20, 2003, 5:33:18 PM	3	753		302					
783	Voyage	DJ Mind-X				4:26		Dec 13, 2001	May 24, 2003, 5:58:52 AM	1	59							
796	1st Floor Yale Lock	Starcase								1								
797	Barrier (Original Mix)	Sphere								1								
798	Conditions	Narcotik								1								
799	Imagine (Imagination 1)	Fortunato & Montresor								1								
800	Faith Delivers (Main Union Mix)	Maurice & Noble				7:53	130	Jan 03, 2002	Jun 21, 2003, 3:49:39 AM	2	318				Maurice & Noble	Main Union		
801	Bounce (Max Graham Remix)	Uberzone				9:08	134	Jan 03, 2002	May 24, 2003, 10:21:06 AM	1	147				Uberzone	Max Graham		
802	Sepia	Max Graham				10:18	138	Jan 03, 2002	Jul 6, 2003, 2:12:32 PM	1	78	Max Graham						
803	Sequoia	Way Out West	164	Way Out West	Musicrama	8:01	133	Jan 03, 2002	May 24, 2003, 5:57:15 AM	1	318		158					
804	Funky Alienation	Xylon	163	In To The Mix						1								
805	Mindstream (Orbital Mix)	Meat Beat Manifesto	163	In To The Mix		8:28	129	Jan 16, 2002	May 9, 2003, 10:10:39 AM	1	111				Meat Beat Manifesto	Orbital		
806	Netherworld (Banco De Gaia Remix)	L.S.G.	163	In To The Mix						1								
807	Oblivion	Dilate	163	In To The Mix		6:57	149	Jan 16, 2002	May 8, 2003, 1:58:49 AM	1	92		94					
808	Stab	Din	163	In To The Mix						1								
809	The Ba & The Ka	Anubian Lights	163	In To The Mix		6:02	159	Jan 16, 2002	Jun 26, 2003, 7:11:47 AM	1	142							
810	Ajare	Way Out West	164	Way Out West	Musicrama	5:44	130	Jan 17, 2002	May 12, 2003, 4:26:18 AM	1	183	Way Out West						
811	Dancehall Tornado	Way Out West	164	Way Out West	Musicrama	7:45	141	Jan 17, 2002	May 4, 2003, 3:17:11 PM	1	65	Way Out West						
812	Domination	Way Out West	164	Way Out West		8:41		Jan 17, 2002	Jul 22, 2002, 10:32:57 PM	2	39	Way Out West	40					
813	Drive By	Way Out West	164	Way Out West	Musicrama	6:39	134	Jan 17, 2002	May 9, 2003, 1:10:46 PM	1	78		80					
814	Earth	Way Out West	164	Way Out West	Musicrama	3:17	138	Jan 17, 2002	May 4, 2003, 2:58:27 PM	2	433	Way Out West						
815	King Of The Funk	Way Out West	164	Way Out West	Musicrama	5:38	123	Jan 17, 2002	May 4, 2003, 3:06:06 PM	1	224		141					
816	Questions Never Answered	Way Out West	164	Way Out West	Musicrama	8:44	138	Jan 17, 2002	May 6, 2003, 6:05:52 PM	1	86	Way Out West						
817	The Gift	Way Out West	164	Way Out West	Musicrama	7:21	133	Jan 17, 2002	May 19, 2003, 3:57:54 PM	1	97		91					
818	Funny Break	Orbital	165	Altogether		4:55	126	Feb 01, 2002	May 12, 2003, 9:56:25 AM	4	961	Orbital						
819	Nothing Left Out	Orbital	165	Altogether		6:04	133	Feb 01, 2002	May 9, 2003, 10:08:37 AM	1	146	Orbital						
820	Sacred Cycles (Quivver Mix)	Peter Lazonby								1								
821	Water From A Vine Leaf	William Orbit	318	Strange Cargo 1, 2 & 3	EMI International	7:01	130	Feb 01, 2002	May 29, 2003, 7:50:01 AM	3	980	William Orbit	357	Ambient				
822	Nightmare (Sinister String Remix)	Brainbug	227	Nightmare	ZYX Music	4:43	134	May 03, 2002	Jul 4, 2003, 6:58:01 PM	5	2041				Brainbug	Sinister String		
823	Will I (Extended Mix)	Ian Van Dahl	250	Will I?	Rough Trade	6:25	140	May 03, 2002	May 18, 2003, 11:29:13 PM	1	138							
824	Rapture (Paul Van Dyk Remix)	Iio				10:14	153	May 03, 2002	May 25, 2003, 9:49:03 AM	4	1121		342		Iio	Paul Van Dyk		
825	Geisha Dreams (Melino Radio Edit)	Rollergirl	316	Geisha Dreams	BMG/King Size	3:37	134	May 03, 2002	Jun 29, 2003, 7:42:32 PM	7	4009			Dance	Rollergirl	Melino		
826	In My Dreams (Kosmonova Radio Edit)	Noemi																
827	Closure	Liquideyes	166	People						1								
828	Never Need To Worry (Hopeful Mix)	Reflektive	166	People						1								
829	Prayer	Scanners	166	People														
830	Momentum	Lastmanstanding	166	People														
831	Silver	Chris Cowie	166	People		6:24	129	May 15, 2002	Apr 24, 2003, 7:41:15 PM	1	128	Chris Cowie						
832	Feel Free (HH Remix)	Seafield				5:24	160	May 16, 2002	Feb 27, 2003, 1:16:17 AM	1	27							
833	Obscure (Weekend World Mix)	Photonic				4:06	139	May 16, 2002	Oct 30, 2002, 9:54:16 PM		19		19					
834	Nu-Life	Loveclub				5:48	160	May 16, 2002	Feb 15, 2003, 2:17:57 PM	1	26							
835	Gull	John Vesta								1								
836	Sacred (Dub)	Sander Kleinenberg								1		Sander Kleinenberg						
837	Ultraviolet (Full Bloom Mix)	Dominion				5:02	140	May 16, 2002	May 25, 2003, 1:43:17 PM		56		41		Dominion	Full Bloom		
838	Sunblind	BT	167	R & R (Rare & Remixed)		9:58	140	Jun 03, 2002	Jun 30, 2003, 10:14:53 AM	2	208	BT						Jan Johnston
839	Shame (Way Out West Mix)	BT	167	R & R (Rare & Remixed)		6:22	133	Jun 03, 2002	Apr 29, 2003, 4:42:46 AM	1	128		94		BT	Way Out West		
840	Activity	Way Out West	168	Intensify	Nettwerk	4:50	130	Jun 06, 2002	May 11, 2003, 11:13:23 AM	1	88	Way Out West	69					
841	Intensify Part 1	Way Out West	168	Intensify	Nettwerk	6:58	132	Jun 06, 2002	Apr 30, 2003, 3:08:06 PM	2	277		142					
842	Intensify Part 2	Way Out West	168	Intensify	Nettwerk					3		Way Out West						
843	Stealth	Way Out West	168	Intensify	Nettwerk	5:43	126	Jun 06, 2002	May 19, 2003, 8:33:18 AM	1	137	Way Out West	84					
844	Dreamscape	DJ Dado								1								
845	Composure (Moogwai Remix)	Junk Project								1								
846	Got The Groove	SM-Trax				7:19	132	Jun 20, 2002	Apr 24, 2003, 7:23:13 PM	2	33							
847	Ocean Trance	ATB				4:37	137	Jun 20, 2002	Jul 2, 2003, 10:18:05 AM	1	51							
848	Tenth Chapter Prologue	DJ Micro				4:13	121	Jun 20, 2002	Apr 24, 2003, 7:30:25 PM	1	33							
849	The Music Is Moving	Airplay				3:58	139	Jun 20, 2002	Jun 22, 2003, 6:59:37 PM	1	52							
850	Tokyo (Original Mix)	Steve Gibbs								1								
851	Vegas	Ayla	219	Nirwana	Unsubmissive Records	5:28	137	Jun 20, 2002	May 2, 2003, 3:14:10 PM	1	57							
852	Viola (Paul Oakenfold Mix)	Moogwai				6:46	120	Jun 20, 2002	May 14, 2003, 11:59:44 PM	1	234				Moogwai	Paul Oakenfold		
853	Winter Love (Original Mix)	DJ Taucher	240	LIVE: At Webster Hall, New York	Webster Hall Records	4:56	136	Jun 26, 2002	May 22, 2003, 5:03:12 PM	1	56							
854	Above The Sky	Airwave				4:15	135	Jul 08, 2002	May 1, 2003, 4:42:57 PM	1	60							
855	All Your Bass	DJ Virus				3:55		Jul 08, 2002	Aug 20, 2002, 2:54:56 AM	3	294		55					
856	Damage	Dirty Vegas								1								
857	Deep Sea (Martin Eyerer Remix)	Aquanuts				8:41	140	Jul 08, 2002	Jun 24, 2003, 11:13:33 AM	1	47				Aquanuts	Martin Eyerer		
858	Drifting Away (Radio Edit)	Lange				3:20	121	Jul 08, 2002	May 10, 2003, 5:37:37 AM	1	80	Lange	43					Skye
859	Embrace Me (Wippenberg Remix)	Fragma								1								
860	Everybody's Free 2002 (Club Mix)	Angel One	258	Everybody's Free	BMG/Hansa Laut	8:09		Jul 08, 2002	Apr 25, 2003, 9:19:46 AM	2	327							
861	Hardesertrance	DJ Brian				6:22	140	Jul 08, 2002	Apr 23, 2003, 7:31:03 PM		31		29					
862	Hold You (Svenson & Gielen Remix)	ATB	202	Hold You	Radikal Records	6:34	123	Jul 08, 2002	Jan 12, 2003, 6:46:12 AM	1	31				ATB	Svenson & Gielen		
863	If I Survive	Hybrid	172	Wider Angle		8:42	138	Jul 08, 2002	Jun 30, 2003, 6:04:37 PM	4	969	Hybrid						
864	Take Me Away (Into The Night) (Original Mix)	4 Strings	193	Take Me Away		7:03	138	Jul 08, 2002	Jun 24, 2003, 8:17:03 PM	2	231							
865	Ionize (Original Mix)	Airbase				8:29	139	Jul 08, 2002	Jul 5, 2003, 6:01:04 PM	1	111		92					
866	I Won't Let You Down	Work In Progress								1								
867	Temoine (Farmakit Extended Remix)	Ekova				10:23	153	Jul 08, 2002	May 25, 2003, 3:00:56 PM	4	1097		318		Ekova	Farmakit		
868	Beachcoma	Hybrid	172	Wider Angle		6:30	122	Aug 01, 2002	May 24, 2003, 12:02:58 AM	1	157		98					
869	Cafe Del Mar '98 (Oliver Lieb's L.S.G. Remix)	Energy 52				7:43	153	Aug 01, 2002	May 25, 2003, 9:12:15 AM	2	202		116		Energy 52	Oliver Lieb		
870	Pocket Damage	Eon	287	Global Trancemissions 2	Moonshine Music	4:05	141	Aug 01, 2002	Apr 24, 2003, 7:48:14 PM	1	34		30	Trance,Progressive Trance				
871	Extended (Suspicious Remix)	Floribunda				6:48	133	Aug 01, 2002	May 24, 2003, 12:04:33 AM	1	68		52		Floribunda	Suspicious		
872	For A Lifetime (Coast 2 Coast Remix)	Ascension	191	Recorded 2	ID&T;	6:20	122	Aug 01, 2002	Mar 20, 2003, 11:36:57 PM	1	144		90		Ascension	Coast 2 Coast		
873	Falling (Solar Stone After Hours Mix)	Woods								1								
874	Game Master (Signum Mix)	Lost Tribe								2								
875	Fall Into Me	DJ Micro				8:07	158	Aug 01, 2002	May 12, 2003, 5:39:24 AM	1	54		41					
876	Tenshi	Gouryella				3:43	138	Aug 01, 2002	May 18, 2003, 2:06:15 AM	1	90		74					
877	Sharkhunt	Way Out West	168	Intensify	Nettwerk	5:33	134	Aug 01, 2002	Apr 19, 2003, 9:43:34 PM	2	391		144					
878	The Music In You (Original Mix)	Monoboy								1								
879	Tremble (CJ Stone Remix)	Marc et Claude								1								
880	Awakening (Cosmic Gate Remix)	Rank 1				6:28	139	Aug 15, 2002	Oct 28, 2002, 9:58:32 PM	1	10		10	Trance				
881	Back To Cali	Mauro Picotto								4								
882	Beautiful Child (Strings Vocal Remix)	Madelyne								2								
883	Extasia	Extasia				4:48	126	Aug 15, 2002	May 19, 2003, 7:00:27 PM		34		30	Trance				
884	Fanfare of Life	Leftfield								1								
885	Hear You Calling (Dark Moon Remix)	Aurora	213	Trance Nation Three	Ministry Of Sound	3:44	137	Aug 15, 2002	May 9, 2003, 1:00:48 AM	1	113			Trance				
886	Highlander	Tastexperience								1								
887	Kiss (When The Sun Don't Shine) (Airscape Remix)	Vengaboys								1								
888	Over Bloody Flood	Blue Planet Corporation				7:51	145	Aug 15, 2002	Apr 27, 2003, 11:41:39 AM	1	28		26	Trance				
889	Space Lover	The Spacelovers				8:27	138	Aug 15, 2002	May 24, 2003, 7:26:01 PM	1	49		43	Trance				
890	The Snake	Opal								1								
907	Absurd	Fluke	174	Risotto		5:48	125	Sep 09, 2002	May 18, 2003, 1:57:48 AM	1	37		34	Techno				
908	Amp	Fluke								1								
909	All	Joshua Ryan	175	That Trance Mix		6:44	135	Sep 09, 2002	Oct 30, 2002, 10:07:02 PM	1	5		6	Trance				
910	Dallas 4PM	DJ Tiesto	176	In My Memory		6:45	135	Sep 09, 2002	May 25, 2003, 2:27:31 PM	1	44		38	Trance				
911	Fear (Hybrid\'s Super Collider Mix)	Sarah McLachlin								2								
912	Goodnight Lover	Fluke	174	Risotto		7:34	140	Sep 09, 2002	May 16, 2003, 2:01:32 AM	1	28		30	Techno				
913	Magik Journey	DJ Tiesto	176	In My Memory		9:59	135	Sep 09, 2002	May 22, 2003, 11:01:03 PM	3	346		165	Trance				
914	Meet Her At The Love Parade	Da Hool	175	That Trance Mix		7:14	135	Sep 09, 2002	Apr 18, 2003, 12:38:19 PM	2	104		78	Trance				
915	Mind Eraser	Christopher Lawrence	175	That Trance Mix		4:38	154	Sep 09, 2002	May 17, 2003, 2:38:53 AM	1	33			Trance				
916	Obsession	DJ Tiesto								1								
917	Open Your Eyes	Insigma	175	That Trance Mix		3:44	136	Sep 09, 2002	May 8, 2003, 2:05:35 AM	1	28			Trance				
918	Reeferendrum	Fluke								1								
919	Frenetic	Orbital	178	Work 1989-2002		4:07	130	Sep 09, 2002	Nov 7, 2002, 2:40:32 PM	2	19		11	Trance				
920	Hide U (John Creamer & Stephane K Remix)	Kosheen								1								
921	On Her Majesty's Secret Service	Propellerheads	180	Decksanddrumsandrockandroll	Dreamworks	9:20	121	Sep 10, 2002	Jul 4, 2003, 2:52:42 PM	6	2064							
924	Angel (Original Mix)	Ralph Fridge				7:38	142	Sep 13, 2002	Jan 2, 2003, 4:55:40 AM	1	17							
925	Club Bizarre (DJ's @ Work Remix)	Brooklyn Bounce	228	Club Bizarre	Radikal Records	6:26	140	Sep 13, 2002	May 16, 2003, 10:38:41 AM	1	48		43		Brooklyn Bounce	DJ's @ Work		
926	On The Move (Radio Edit)	Barthezz	203	On The Move	Universal Music (Australia)	3:36	127	Sep 13, 2002	May 9, 2003, 7:58:27 PM	1	65							
927	Perception (Vocal Mix)	Cass & Slide	279	Perception	Festi	11:15	134	Sep 13, 2002	May 11, 2003, 4:30:24 AM	1	137	Cass & Slide		Progressive Trance				Naimee Coleman
928	Ready Steady Go	Paul Oakenfold	182	Bunkka	Maverick	4:13	128	Sep 13, 2002	May 15, 2003, 8:44:32 PM	4	622			Trance,Breakbeat				
929	Right Here, Right Now	Fatboy Slim	181	You've Come A Long Way Baby	Skint Records	6:29	125	Sep 13, 2002	Jun 29, 2003, 10:49:53 AM	3	652			Big Beat				
930	The Theme	Jurgen Vries				9:21	138	Sep 13, 2002	Nov 12, 2002, 6:46:29 AM	3	57		31	Hard Trance				
931	Time and Space	DJ Energy				4:49	142	Sep 13, 2002	May 18, 2003, 2:06:44 AM	1	41							
932	Tryptomine Dream	Astral Projection	196	Another World	Phonokol	9:51	144	Sep 13, 2002	Jun 28, 2003, 2:19:10 AM	1	103			Goa Trance				
933	What It Feels Like For A Girl (Above & Beyond Club Mix)	Madonna	257	What It Feels Like for a Girl	Warner Brothers	7:27	158	Sep 13, 2002	Jun 30, 2003, 12:42:36 AM	3	598			Trance	Madonna	Above & Beyond		
934	Yearning	DJ Tatana				7:38	138	Sep 13, 2002	May 22, 2003, 5:05:08 AM	1	53							
935	Your Destiny	Polartraxx				7:15	128	Sep 13, 2002	Nov 10, 2002, 1:39:52 PM	1	9		10					
936	Zoo York	Paul Oakenfold	182	Bunkka	Maverick	5:25	157	Sep 13, 2002	Jul 4, 2003, 12:41:50 PM	6	1601							
937	Sleep (Ian Van Dahl Mix)	Conjure One	183	Conjure One (Limited Edition With Bonus CD)	Nettwerk America	6:53	157	Oct 16, 2002	Mar 23, 2003, 6:24:38 PM	2	82		53		Conjure One	Ian Van Dahl		
938	Tears From The Moon (Hybrid's Twisted On The Terrace Mix)	Conjure One	183	Conjure One (Limited Edition With Bonus CD)	Nettwerk America	9:53	132	Oct 16, 2002	Jul 4, 2003, 6:33:54 AM	6	1536				Conjure One	Hybrid		
939	Bloodlock	Sasha	185	Airdrawndagger	BMG International	7:53	134	Oct 24, 2002	Jun 16, 2003, 8:43:00 PM	2	252		111	Ambient,Progressive Trance				
940	Boileroom	Sasha	185	Airdrawndagger	BMG International	7:04	128	Oct 24, 2002	Jun 23, 2003, 9:59:59 PM	1	109		76	Ambient,Breakbeat				
941	Golden Arm	Sasha	185	Airdrawndagger	BMG International					2								
942	Wavy Gravy	Sasha	185	Airdrawndagger	BMG International	7:29	140	Oct 24, 2002	Jun 26, 2003, 12:05:55 AM	3	477		166	Ambient,Progressive Trance				
944	Life Is A Dream (Club Mix)	Master Wong								2								
945	American Dream (Joey Negro Club Mix)	Jakatta								3								
946	Diving (Original Vocal Mix)	4 Strings	260	Diving	Universal International	6:54	140	Oct 31, 2002	Jun 16, 2003, 9:26:14 PM	1	47			Trance				
947	My Vision (Joey Negro Club Mix)	Jakatta								3								
948	Resurrection (Space Club Mix)	PPK								5								
949	Punk	Ferry Corsten	204	Punk (Enhanced)	Positiva	7:37	135	Oct 31, 2002	May 18, 2003, 1:59:55 AM	1	44		33	House				
950	Second Coming	Wavehead								1								
951	Try	Ian Van Dahl	207	Ace	404 Music Group	8:12	138	Oct 31, 2002	May 17, 2003, 10:40:50 AM	1	90			Trance				
956	Catch (Ferry Corsten Remix)	Kosheen	254	Catch	BMG	7:14	139	Nov 26, 2002	May 23, 2003, 9:56:43 AM	2	101		67	Trance,Big Beat	Kosheen	Ferry Corsten		
957	Targeted	Intermix								3								
958	Voices	Intermix	255	Intermix	Third Mind Records	4:59	148	Nov 26, 2002	May 25, 2003, 8:23:35 PM	2	171		85	Techno,Downtempo				
959	Madness	Abyss				6:46	137	Dec 03, 2002	Jul 2, 2003, 11:06:51 PM	1	26			Progressive Trance				
960	Can You Feel (The Thrillseekers Remix)	Sholan	261	Can U Feel	Data Records	7:20	157	Dec 06, 2002	May 10, 2003, 4:01:30 PM	1	51		35	Trance	Sholan	The Thrillseekers		
961	Dreaming Of You (Original Mix)	The Thrillseekers	262	Dreaming Of You	Data Records	8:08	155	Dec 06, 2002	May 23, 2003, 3:50:42 PM	2	133		73	Trance				
962	Empire (Paul Van Dyk Remix)	Second Sun								1								
963	Eterna's Flight	Sunday Club								1								
964	Human Evolution (Mix 1)	Human Evolution								1								
965	Getting Away With It (The Thrillseekers Instrumental Mix)	En-Motion	265	Getting Away With It	Incentive	8:21	137	Dec 06, 2002	May 16, 2003, 2:00:31 AM	1	76			Trance	En-Motion	The Thrillseekers		
966	I'm Alone (Ronski Speed Mix)	Sun Decade	266	I'm Alone	Euphonic	8:26	138	Dec 06, 2002	Jan 9, 2003, 8:03:31 AM	1	26		17	Trance	Sun Decade	Ronski Speed		
967	Janeiro (Armin Van Buuren Dub)	Solid Sessions	267	Janeiro	Positiva	9:37	155	Dec 06, 2002	Jul 2, 2003, 4:53:50 AM	2	183			Trance	Solid Sessions	Armin Van Buuren		
968	Signet (Plastic Angel Remix)	2 Players				8:49	132	Dec 06, 2002	Jun 21, 2003, 1:12:20 PM	1	59			Trance	2 Players	Plastic Angel		
969	Souvenir of Ultra	Stargaze	268	AGR 006		5:50	140	Dec 06, 2002	Jan 4, 2003, 8:29:37 AM	1	22		14	Trance				
970	Speak In Sympathy (Original Mix)	Solar Stone				8:12	130	Dec 06, 2002	Jan 5, 2003, 9:25:32 PM	2	39		20	Trance				
971	Step Back (Blue Sky Remix)	Silverblue								1								
972	The Weapon (Grinder Mix)	Prime Mover				7:24	155	Dec 06, 2002	Jan 6, 2003, 11:33:16 AM	1	29		19	Trance	Prime Mover	Grinder		
973	Things That Matter (Original Mix)	Micro De Govia				8:20	138	Dec 06, 2002	Jan 9, 2003, 7:03:54 AM	1	19		13	Trance				
974	Time Is The Healer (Armin Van Buuren Mix)	Riva	270	Time Is The Healer	Double F Double R	7:54	158	Dec 06, 2002	Jun 25, 2003, 11:23:35 AM	2	155			Trance	Riva	Armin Van Buuren		
975	Breathe	Telepopmusik	281	Genetic World	Capitol	4:38	152	Mar 08, 2003	Apr 25, 2003, 12:40:07 AM	4	230		47	Downtempo				
976	Blue Saturation	Mike Rittenhouse				8:21	136	Mar 08, 2003	Apr 22, 2003, 7:29:52 PM	1	30		18	Trance				
977	Be Angeled	Jam & Spoon	282	Be Angeled	Bmg Int'l	3:38	134	Mar 08, 2003	Apr 27, 2003, 8:27:01 AM	2	68	Jam & Spoon	29	House				Reamonn
978	Deep Trouble	Nu-Logic				7:02	141	Mar 21, 2003	Apr 28, 2003, 4:47:39 AM	1	7		7	Trance				
979	Everytime	Lustral	283	Everytime Pt.1		7:07	130	Mar 21, 2003	Apr 29, 2003, 11:33:08 PM	1	10		8	Trance				
980	It's My Turn	Angelic	285	It's My Turn	Universal					1								
981	Silent Words	Jan Johnston	284	Silent Words	Perfecto	3:30	134	Mar 21, 2003	Jul 6, 2003, 10:29:44 AM	2	105		57	Trance				
982	Someday	DJ's @ Work				8:14	125	Mar 21, 2003	Jun 30, 2003, 4:53:04 AM	2	57							
983	I Should Know (Alex Meri Club Mix)	Dirty Vegas	286	A Night at the Tables	Ultra Records	4:46	126	Mar 21, 2003	Jul 4, 2003, 11:34:03 PM	3	166			House,Deep House	Dirty Vegas	Alex Meri		
984	The Way (Svenson & Gielen Instrumental)	Divine Inspiration				8:34	156	Mar 21, 2003	May 1, 2003, 5:04:03 AM	3	58		24	Trance	Divine Inspiration	Svenson & Gielen		
985	Breathe In (DJ Encore Remix)	Frou Frou				5:58	130	Apr 22, 2003	Jul 6, 2003, 2:39:45 PM	3	124		58	Eurohouse	Frou Frou	DJ Encore		
986	Genetic World	Telepopmusik	281	Genetic World	Capitol	4:03	130	Apr 22, 2003	Jul 3, 2003, 10:40:47 AM	2	65			Downtempo				
987	In The Beginning (Ferry Corsten Remix)	Roger Goode	287	Global Trancemissions 2	Moonshine Music	6:14	140	Apr 22, 2003	May 25, 2003, 12:02:03 AM	3	37		26	Progressive Trance	Roger Goode	Ferry Corsten		Tasha
988	Remember (to the millennium)	The Morrighan								3								
989	Solar Coaster	Solar Stone	328	In Search of Sunrise, Vol. 3	Songbird	4:34	133	Apr 22, 2003	Jul 4, 2003, 7:43:07 PM	1	27		22	Trance,Progressive Trance				
990	Walking In The Sky	DJ Encore	327	Intuition	Universal	3:31	157	Apr 22, 2003	Jul 4, 2003, 2:46:22 AM	3	103	DJ Encore	47	Eurodance				Engelina
1000	Dancin' Dolls (Sexy Mega Mix)																	
1001	Epilogue	Terra Ferma	289	The Adventures Of...	Platipus	3:18	135	Mar 20, 2001	May 29, 2003, 6:17:19 PM	1	87		108	Downtempo				
1002	Everlast (Steve Morley Mix)	Formologic				3:43		Aug 01, 2001	Dec 19, 2001, 4:31:12 PM	1	19		19		Formologic	Steve Morley		